x_km,target_y_km,surface_height_m,upper_ice_layer_depth_m,briny_warm_ice_lens_depth_m,briny_warm_ice_lens_strength_0to1,ice_ocean_boundary_depth_m,ice_ocean_boundary_elevation_m,upper_ice_layer_delay_us,briny_warm_ice_lens_delay_us,ice_ocean_boundary_delay_us,upper_ice_layer_echo_db,briny_warm_ice_lens_echo_db,ice_ocean_boundary_echo_db
-60.0,25.0,119.42638570504096,946.6774955196126,5589.043116114486,0.0014571201453582399,14538.343476908214,-14418.917091203173,11.2416833516533,66.36922631778673,172.64111019695247,-11.704019491935302,-34.04716352769785,-32.21139578190302
-59.5,25.0,110.69606493723512,946.3905767770618,5595.347969399308,0.0017423102885695018,14548.766391190573,-14438.070326253337,11.238276225502444,66.4440957052413,172.7648810719529,-11.703503038198711,-34.05594555232163,-32.21655696391954
-59.0,25.0,112.99219424849355,948.3058623908514,5600.913069660687,0.0020781165622737407,14557.33823698979,-14444.346042741296,11.26102001575847,66.51018061298943,172.8666707275326,-11.706950552303532,-34.06294047632878,-32.25443477314056
-58.5,25.0,134.3858310571132,952.7851094276065,5605.728230978824,0.0024724559900891306,14562.907070815563,-14428.52123975845,11.31421054482391,66.56736008443752,172.93279997091656,-11.715013196969691,-34.06805871185108,-32.22431011584363
-58.0,25.0,120.06952906780961,957.6515045223966,5609.784099285287,0.002934279637824933,14573.125618242737,-14453.056089174926,11.371998411313378,66.61552304112874,173.05414401367008,-11.723772708140315,-34.07120286197309,-32.319063633515114
-57.5,25.0,138.90151425445745,965.650678394155,5613.072139305129,0.003473671086050251,14578.335140524403,-14439.433626269945,11.466987655450598,66.65456812768204,173.1160064749423,-11.738171221109479,-34.07226681097478,-32.278281330255496
-57.0,25.0,137.46604725484156,974.6127644014157,5615.584619153291,0.004101948007251427,14585.997030216358,-14448.530982961516,11.573411367370154,66.68440352887636,173.20699050931506,-11.754302975922549,-34.07113478241066,-32.33325534041793
-56.5,25.0,141.45582449409375,985.5077447582476,5617.314592830874,0.004831765769462065,14592.499316370247,-14451.043491876153,11.702787971201602,66.70494676179582,173.2842043887511,-11.773913940564846,-34.06768037517041,-32.361169239664356
-56.0,25.0,167.11523893481203,998.9036394936348,5618.255880926359,0.00567722175025564,14595.55464426455,-14428.439405329738,11.861862637642938,66.71612444665915,173.32048604632274,-11.798026551088542,-34.06176558991515,-32.28510521916492
-55.5,25.0,160.57943103446084,1012.540930285338,5618.403049889946,0.006653958791894301,14602.692839300287,-14442.113408265826,12.023803853717373,66.71787206070476,173.40525126855934,-11.822573674513608,-34.05323986067485,-32.36628367374324
-55.0,25.0,176.10976359434375,1028.4632321594481,5617.751390315144,0.00777926596365537,14606.307966267494,-14430.19820267315,12.212879306282066,66.71013368028729,173.44818047394736,-11.851233817887007,-34.04193910889436,-32.34021986290472
-54.5,25.0,194.40953580826846,1045.7515462573372,5616.29689472948,0.0090721745252693,14609.094149774912,-14414.684613966643,12.418175992526537,66.69286171714484,173.48126607374053,-11.882352783263206,-34.027684839785636,-32.29872620955118
-54.0,25.0,196.39629745562698,1063.4771219823376,5614.036235464312,0.01055354671133019,14613.717465260237,-14417.32116780461,12.628665108903848,66.66601665560563,173.5361673986023,-11.914258819568207,-34.010283303433795,-32.33552945029404
-53.5,25.0,215.04504497494062,1082.7774674188672,5610.966743240949,0.012246154686801397,14615.557901101563,-14400.512856126623,12.857854429450548,66.62956679830077,173.55802235665837,-11.948999441353962,-33.989524745652496,-32.324885826603236
-53.0,25.0,220.27863667842527,1102.254523465439,5607.086387174617,0.014174746765614449,14618.824704591409,-14398.546067912983,13.08914216760237,66.58348802871365,173.59681526192836,-11.98405814223779,-33.96518277602378,-32.31980815652911
-52.5,25.0,228.48571186718385,1122.3581700344503,5602.393756957393,0.01636609774605335,14621.223871899127,-14392.738160031942,13.327870594138306,66.52776359960436,173.6253050900997,-12.02024470606201,-33.93701388280883,-32.32732348905003
-52.0,25.0,241.24392327938918,1142.9381294460443,5596.888048033917,0.018849040007151784,14622.536888707544,-14381.292965428154,13.572255179374519,66.46238395697314,173.64089700948665,-12.05728863300288,-33.90475712639669,-32.35797666985547
-51.5,25.0,261.3961473371179,1163.8901229859418,5590.5690506271,0.021654471839431727,14622.37004851927,-14360.973901182151,13.82105762590583,66.38734660974185,173.63891580197324,-12.095002221374695,-33.86813404457389,-32.42421117975834
-51.0,25.0,251.96732827517536,1183.515733819102,5583.437143502679,0.02481533936122231,14625.906076815863,-14373.938748540688,14.054109434587588,66.30265605570884,173.68090571999807,-12.130328320874384,-33.826848804053824,-32.36292961133974
-50.5,25.0,249.72786812719846,1203.0681582051066,5575.493293378915,0.028366588309059755,14628.005233442198,-14378.277365315,14.286292162860812,66.20832377453918,173.70583295679248,-12.165522684769192,-33.78058863330051,-32.336144508782866
-50.0,25.0,273.71504099052385,1223.0962491259836,5566.739060888317,0.03234508199786936,14626.012286300014,-14352.29724530949,14.524123375006658,66.10436829855944,173.6821669450672,-12.20157324842677,-33.72902457161815,-32.430966926254925
-49.5,25.0,258.91748425640003,1240.79499991252,5557.17661397957,0.03678948183408114,14629.040649051145,-14370.123164794744,14.73429394841071,65.99081537190395,173.71812839475126,-12.233430999842536,-33.67181256865649,-32.360564437326055
-49.0,25.0,268.79279662092654,1258.5092160335146,5546.808749607553,0.04174008694223705,14628.219878746677,-14359.42708212575,14.944648170833277,65.86769820808131,173.70838184440973,-12.265316588860326,-33.60859496681346,-32.406517589914834
-48.5,25.0,265.4824606971452,1274.5448931869,5535.638924495328,0.0472386297417321,14628.865542990872,-14363.383082293727,15.135069941437166,65.73505785526922,173.71604903098498,-12.29418080773642,-33.539002396416,-32.39838865249866
-48.0,25.0,253.6370227527636,1288.9247717898286,5523.6712956624315,0.053328024692427034,14630.343646203193,-14376.70662345043,15.305829299987893,65.5929436775833,173.73360133190332,-12.320064589221692,-33.462656109960534,-32.35553310228006
-47.5,25.0,262.75484348528926,1302.684157443885,5510.910771297527,0.06005206792152438,14628.543151160482,-14365.788307675193,15.469220378119823,65.44141395918372,173.71222066610935,-12.344831483398993,-33.37917077704183,-32.40298790567201
-47.0,25.0,253.9148101975453,1314.1421850088657,5497.363072409545,0.06745508605265516,14628.93334131051,-14375.018531112964,15.605283100989693,65.28053663637522,173.7168541280162,-12.365455933015959,-33.28815775586328,-32.386101380900456
-46.5,25.0,253.748238320312,1324.2623031045134,5483.034805519655,0.0755815332823163,14627.807692098573,-14374.059453778262,15.725458307066775,65.11039016081575,173.7034871766885,-12.383672145588124,-33.18922885039453,-32.40326372198696
-46.0,25.0,237.40469511010875,1331.9721423160381,5467.933546457481,0.08447553658641699,14628.668588877104,-14391.263893766996,15.817011736316248,64.93106449458655,173.7137102241661,-12.397549856168869,-33.08200055434571,-32.35267809880934
-45.5,25.0,230.03534200748854,1338.2236916497875,5452.067935099958,0.09418038988521,14628.019588067556,-14397.984246060068,15.891248145652963,64.7426622352049,173.70600341627176,-12.408802644969619,-32.96609877421304,-32.34659071411098
-45.0,25.0,208.8220272535724,1342.0749002532702,5435.447780642543,0.10473799903926095,14629.081269338794,-14420.259242085222,15.93698079256431,64.54529986570726,173.71861075586534,-12.415734820455887,-32.84116401380323,-32.389565198948695
-44.5,25.0,201.66422960156285,1344.6371834555257,5418.084176723001,0.11618828067955557,14627.974984883302,-14426.310755281738,15.967407602701172,64.33910912173076,173.7054737587313,-12.420346930219946,-32.706856991985404,-32.39806207678552
-44.0,25.0,200.11672258234324,1345.5925502759046,5399.989625431864,0.12856851907478206,14625.911504274929,-14425.794781692586,15.978752470758357,64.12423846412253,173.6809701704329,-12.422066590496629,-32.56286465410432,-32.38181184778575
-43.5,25.0,210.8483953416035,1345.2511794984607,5381.1781689455565,0.14191268648789712,14621.986694083294,-14411.138298741691,15.974698733129973,63.90085464206769,173.63436351336273,-12.421452123097229,-32.40890652571093,-32.32891382526778
-43.0,25.0,180.5581841932563,1341.5468992266901,5361.6655272140915,0.15625073374829715,14623.693198890638,-14443.135014697382,15.93071084278917,63.66914432811438,173.65462805622238,-12.414784418608043,-32.24474134525069,-32.42896356229874
-42.5,25.0,181.7291755177202,1337.4658358603704,5341.4692398315265,0.17160785903794926,14620.914775457457,-14439.185599939738,15.882248697740483,63.42931580286864,173.62163460639343,-12.407438504548667,-32.0701739003552,-32.40575266541106
-42.0,25.0,170.6281729970239,1331.3645540494879,5320.608809921433,0.18800376412943393,14619.806259259829,-14449.178086262806,15.809796697474546,63.18160066361744,173.60847110758536,-12.396456197289078,-31.885061980693674,-32.43918615973353
-41.5,25.0,171.38557913738282,1324.3311172125034,5299.105847589162,0.20545190848839293,14617.02228465411,-14445.636705516727,15.726275466464578,62.926255527807236,173.5754117382387,-12.383796010982506,-31.689323349264956,-32.429608392618036
-41.0,25.0,176.66624192778235,1316.2095353260072,5276.984210236083,0.22395877272807038,14613.623267805096,-14436.957025877315,15.62983264162231,62.663563699259086,173.53504881495766,-12.369177163586812,-31.48294262387232,-32.399446020276
-40.5,25.0,191.24651788741608,1307.3402550301464,5254.27013680646,0.24352314384431997,14608.974517462988,-14417.727999575573,15.52451098655498,62.393836762334416,173.4798454541783,-12.353212459054264,-31.26597795165275,-32.337987908327015
-40.0,25.0,197.66557297517377,1297.1834613829674,5230.9923728538715,0.26413543543053436,14605.554950848265,-14407.88937787309,15.403900262638906,62.11741606708393,173.43923850485868,-12.334930230489341,-31.03856735226216,-32.32011449279664
-39.5,25.0,200.98178735327417,1286.1064769535044,5207.182283178962,0.2857770566394118,14602.691093675494,-14401.70930632222,15.27236238195984,61.8346740668076,173.4052305394713,-12.314991658516309,-30.800934599967427,-32.32093628470638
-39.0,25.0,184.54420924136062,1273.6117087392167,5182.873948711796,0.3084198439904323,14602.748972256197,-14418.204763014835,15.123988486433543,61.54601546852122,173.40591784077523,-12.29250107573059,-30.553394511767344,-32.41307462543307
-38.5,25.0,211.63430992610967,1262.3994063143111,5158.104244296719,0.33202557018976875,14596.904162667912,-14385.269852741802,14.990843720554663,61.25187815664235,173.33651141783483,-12.27231893136576,-30.296357508026176,-32.31377721196157
-38.0,25.0,202.93658014849487,1249.463625801307,5132.9128940915125,0.35654554390882975,14596.295801636577,-14393.359221488083,14.837232856113587,60.95273385084885,173.32928720250268,-12.249034526442353,-30.030333314185256,-32.38762130931221
-37.5,25.0,239.1871485288169,1238.1954185553416,5107.342501420047,0.3819203139399223,14589.655674119578,-14350.46852559076,14.703424227093187,60.649088460575506,173.25043647317403,-12.228751753399616,-29.755933677096785,-32.27170581722869
-37.0,25.0,236.18872035541293,1225.380825883585,5081.438550121767,0.4080794903002025,14588.806016104165,-14352.617295748752,14.551252453941196,60.34148210103901,173.2403468846799,-12.205685486590454,-29.473873977517357,-32.30735023037133
-36.5,25.0,264.8535608975177,1214.0001949726325,5055.24937472324,0.4349416936830342,14583.853391519191,-14318.999830621673,14.416108807188776,60.030488739028705,173.18153505318776,-12.185200350950739,-29.184973631354524,-32.289014876787824
-36.0,25.0,273.24610443212225,1202.1077214470538,5028.826097116104,0.4624146431619742,14582.102622173152,-14308.85651774103,14.274887089893074,59.716715440964606,173.16074487416364,-12.163793898604697,-28.89015518635122,-32.28556786280975
-35.5,25.0,284.9525044866856,1190.7643485527458,5002.222527859245,0.49039539024822354,14580.284946826378,-14295.332442339692,14.140185877684006,59.400801200872486,173.13916019428981,-12.143375827394943,-28.59044203791263,-32.29498426799288
-35.0,25.0,280.71344003936963,1179.3015074463235,4975.495030726145,0.5187707053077272,14581.129325609469,-14300.415885570099,14.004065994578529,59.08341533189964,173.14918709252422,-12.122742713403383,-28.286954707537518,-32.254223245341564
-34.5,25.0,316.31487804948046,1170.0355124387281,4948.702349684009,0.5474176199882153,14576.857632008794,-14260.542753959313,13.894033399205368,58.76525541171243,173.09846123597714,-12.10606392238971,-27.980905649537284,-32.35263200847161
-34.0,25.0,319.41525492664545,1160.139769010444,4921.90539811054,0.5762041267270106,14577.628747923234,-14258.213492996589,13.776522615779685,58.44704477947048,173.10761814630678,-12.0882515842188,-27.673592576055874,-32.33596634649621
-33.5,25.0,328.4448057508986,1151.2002362045403,4895.167010716071,0.6049900336531705,14578.092560023488,-14249.64775427259,13.670366720460203,58.12952958993122,173.11312586016965,-12.072160425168173,-27.366390316410396,-32.346280022611786
-33.0,25.0,342.0571204684842,1143.1933519509057,4868.551659330447,0.6336279703155745,14578.466646582594,-14236.40952611411,13.575285916449653,57.813475438452805,173.1175680938379,-12.05774803351163,-27.060741253954635,-32.38548925127135
-32.5,25.0,350.9183412247295,1135.757836125959,4842.125134421267,0.6619645367212721,14580.08569704939,-14229.16735582466,13.48699004498777,57.49966357906079,173.13679412674162,-12.044364105026727,-26.758144411466834,-32.41021524800949
-32.0,25.0,340.91681406553505,1128.3236750252931,4815.954194917552,0.6898415852200698,14584.952070760557,-14244.035256695022,13.398710260716578,57.18888676614568,173.19458173930306,-12.030982615045527,-26.46014328387097,-32.36158331902681
-31.5,25.0,355.15219987006986,1122.5926316922603,4790.106189604217,0.7170976218896598,14587.057234351585,-14231.905034481515,13.330654798608865,56.88194475856699,173.21958030809316,-12.020666737046069,-26.168312544280653,-32.425096082512
-31.0,25.0,353.2610093246909,1116.9125383628445,4764.648654011315,0.7435693113299406,14592.076103026691,-14238.815093702,13.26320436177126,56.57963953276062,173.27917878032483,-12.01044256905312,-25.8842437752509,-32.425398478847605
-30.5,25.0,338.6571544092517,1111.3684862554219,4739.6488873312355,0.7690930662347593,14599.553282966977,-14260.896128557726,13.197369398363257,56.28277025868075,173.36796940823118,-12.00046327525976,-25.60953040108339,-32.37061870941294
-30.0,25.0,336.97644838088075,1106.9224359335371,4715.173514440928,0.7935067008411355,14605.92076461545,-14268.944316234569,13.14457307636269,55.99212809886532,173.4435825001008,-11.992460384680367,-25.345752018423447,-32.38729059198083
-29.5,25.0,326.24732503276135,1102.6221001018912,4691.288038569361,0.8166511254230964,14614.27394913712,-14288.026624104357,13.09350709670866,55.708490896415164,173.54277557885777,-11.984719780183404,-25.09445834061698,-32.367032691520556
-29.0,25.0,331.8773601234619,1099.4026390140625,4668.056390519633,0.8383720574564479,14621.073466646045,-14289.196106522582,13.055276376866233,55.43261782205973,173.62351904549888,-11.978924750225312,-24.85715298582731,-32.42398613192027
-28.5,25.0,310.24247262167495,1095.432597124873,4645.540480618124,0.8585217239812488,14632.4426235159,-14322.200150894227,13.008132598734514,55.165244053606315,173.75852643936963,-11.97177867482477,-24.635277349281388,-32.36405041140279
-28.0,25.0,313.2831784265769,1092.7002069781606,4623.799759710701,0.8769605290700035,14641.123866777607,-14327.84068835103,12.975685788740728,54.90707556282186,173.8616151768844,-11.966860372560689,-24.430194805849233,-32.41620795604306
-27.5,25.0,296.84376125916674,1089.3494444973749,4602.890795551278,0.8935586602003637,14653.311244711216,-14356.46748345205,12.935895880378201,54.658784085097125,174.00633884916454,-11.960829000095275,-24.243175490189028,-32.381636469420506
-27.0,25.0,289.342268541003,1086.4293010320787,4582.86687082678,0.9081976077480743,14665.036556690675,-14375.694288149673,12.90121952192073,54.421002346040794,174.1455755428604,-11.955572741857742,-24.075381897755534,-32.404924415692285
-26.5,25.0,290.5597784751114,1083.8477594852482,4563.7776088342625,0.9207715727628553,14676.338809952045,-14385.779031476934,12.870564021218586,54.19431961643937,174.2797884642891,-11.950925967073447,-23.927855541035974,-32.43325608150432
-26.0,25.0,271.74352983421755,1080.37820905989,4545.668632472401,0.9311887396574456,14691.249740602572,-14419.506210768355,12.829363520056294,53.979277662821495,174.45685400312894,-11.944680776307802,-23.80150488153331,-32.508089539999496
-25.5,25.0,271.7227708541989,1077.5062061004098,4528.581261736598,0.9393723924054478,14704.337559090227,-14432.614788236027,12.795258824414653,53.77636715524808,174.6122703005464,-11.939511170980738,-23.697094739476846,-32.53042512157416
-25.0,25.0,260.2713841318971,1073.9658997599292,4512.552254322947,0.9452618552711984,14719.836152269878,-14459.564768137981,12.753218105124406,53.5860245870151,174.79631426245138,-11.933138619567872,-23.61523736034052,-32.608303760763235
-24.5,25.0,276.4936352896954,1071.2771369281047,4497.613593262742,0.9488132419368659,14732.27105346808,-14455.777418178384,12.721289364337688,53.40862975283842,174.94397724423862,-11.928298846470588,-23.556385290441142,-32.559896356185945
-24.0,25.0,268.5791759815676,1067.3370569913695,4483.792324740323,0.9500000000893978,14748.893722340972,-14480.314546359405,12.674501380849533,53.24450382295991,175.14136947212282,-11.921206702584465,-23.520826183728,-32.63359447189012
-23.5,25.0,273.93459884711217,1063.6264391684263,4471.110448409133,0.9488132420144012,14764.46311292151,-14490.528514074398,12.630438232837724,53.09390804066363,175.32625414479432,-11.914527590503168,-23.508679629006828,-32.6510542263223
-23.0,25.0,279.55588840773,1059.6253530699855,4459.584861632389,0.9452618554392868,14780.793521743946,-14501.237633336215,12.582925808390911,52.95704306014031,175.52017581912767,-11.907325635525973,-23.51989605198472,-32.6751605611387
-22.5,25.0,286.69936407981004,1055.4003997163388,4449.227358155205,0.9393723926920916,14797.70065261399,-14511.00128853418,12.532754986752089,52.834048930719035,175.72094599960153,-11.89972071948941,-23.554257710450546,-32.69400319534396
-22.0,25.0,316.6082081776694,1051.8338169356318,4440.044680785027,0.9311887401098284,14812.199905041163,-14495.591696863494,12.490402237840318,52.725005722441146,175.89312290820385,-11.893300870484138,-23.611381764424593,-32.712379485380644
-21.5,25.0,332.44947759769417,1047.5006423149632,4432.038626737618,0.920771573454323,14829.435200520922,-14496.985722923228,12.438946301448548,52.62993477703138,176.0977900046254,-11.885501156166933,-23.690725367038805,-32.781314138762085
-21.0,25.0,317.91812880175183,1041.8121991926193,4425.206203416996,0.9081976087888108,14851.674432510064,-14533.756303708313,12.371396711806955,52.548800557766214,176.36187825557582,-11.875261958546714,-23.791592687051295,-32.74116609383862
-20.5,25.0,343.37986587370784,1037.6607893939624,4419.5398315595,0.8935586617531279,14869.049486702863,-14525.669620829154,12.322099211189986,52.481513061785634,176.56820497019373,-11.867789420909132,-23.91314374102895,-32.83730429196261
-20.0,25.0,338.15830709982725,1032.3098306448724,4415.027591902696,0.8769605313729038,14891.436062206307,-14553.27775510648,12.258557208586435,52.42793074925721,176.83404290795886,-11.85815769516077,-24.05440488306872,-32.816090547637515
-19.5,25.0,363.814542334925,1028.3233861410174,4411.653510855628,0.8585217273803433,14910.194563445199,-14546.380021110273,12.211218651344529,52.387863935676585,177.0567978927105,-11.850982095053832,-24.214280773117043,-32.92910738672525
-19.0,25.0,371.186419883424,1023.8458104268632,4409.397880062132,0.8383720624520692,14932.184635308322,-14560.998215424897,12.15804796903741,52.361078586644055,177.3179273966179,-11.842922458768355,-24.391567622043215,-32.9628355398118
-18.5,25.0,365.6884368087795,1019.2115825935767,4408.237604274964,0.8166511327352994,14956.623219107312,-14590.934782298533,12.103017061333587,52.34730044882874,177.6081326903228,-11.834580848668438,-24.58496749307724,-32.941371415905245
-18.0,25.0,392.0220541536099,1016.3313604829788,4408.14657160396,0.7935067115016943,14977.225154246555,-14585.203100092946,12.068814764244017,52.34621944662163,177.8527782347271,-11.829396448869362,-24.79310342537188,-33.061148807164095
-17.5,25.0,397.07097057156574,1013.2052820771047,4409.096039971746,0.7690930817158687,15001.397890806353,-14604.326920234787,12.031692952710948,52.35749427125153,178.13982662389265,-11.823769507738788,-25.014535136506325,-33.098818236987384
-17.0,25.0,381.37310246850825,1009.9792320080988,4411.055033508008,0.7435693337234461,15029.035468184995,-14647.662365716487,11.993383989495932,52.380757087920166,178.46801958819984,-11.817962617614578,-25.2477750568034,-33.05602911385848
-16.5,25.0,387.1431058674635,1008.4630768777303,4413.9907426368945,0.7170976541555157,15054.195422736151,-14667.052316868687,11.97537982654894,52.41561828679274,178.7667910743128,-11.815233538379914,-25.49130444934677,-33.11175666032832
-16.0,25.0,413.2956148642764,1008.728927986176,4417.868921757957,0.6898416315292177,15076.99559977411,-14663.699984909834,11.97853677703522,52.46167120541214,179.0375404814081,-11.815712070375117,-25.74358937540136,-33.2165617217286
-15.5,25.0,405.1793484681727,1008.6978894988345,4422.654278682052,0.6619646029266818,15105.051448537502,-14699.87210006933,11.978168198667127,52.51849675320419,179.37070036896495,-11.815656201097902,-26.003096275287557,-33.19588566106989
-15.0,25.0,416.63024006091615,1010.6196695489465,4428.310850350436,0.6336280645964288,15130.78865834882,-14714.158418287903,12.00098910958677,52.58566787309757,179.67632669305442,-11.819115405188104,-26.26830694926293,-33.26610044680237
-14.5,25.0,425.31373753688456,1013.6839099277078,4434.802359825959,0.6049901673918389,15157.295315059795,-14731.98157752291,12.037376601857808,52.66275378075193,179.9910901081203,-11.824631037869874,-26.537732741160173,-33.324964318342886
-14.0,25.0,420.9575928892744,1017.5473342998752,4442.0925500861795,0.576204315697497,15185.969392963387,-14765.011800074113,12.083254309578248,52.74932392831177,180.3315913936356,-11.831585201739776,-26.80992774887765,-33.34313669853154
-13.5,25.0,418.7700178970381,1022.8685537598411,4450.145490754214,0.5474178859593396,15214.640299238325,-14795.870281341286,12.146443161638958,52.84495164679894,180.6720550164355,-11.841163396767714,-27.08350090972353,-33.4278240089971
-13.0,25.0,432.88444582509743,1030.2442188006164,4458.92585455797,0.5187710781958308,15241.286697126136,-14808.402251301039,12.234028312113823,52.94921742903343,180.98847784145738,-11.854439593841109,-27.35712683444187,-33.43592119994287
-12.5,25.0,448.8683161255995,1039.1080488222817,4468.399160995559,0.4903959109944138,15267.885369240817,-14819.017053115218,12.33928524581937,53.06171182313129,181.30433392856506,-11.870394487880107,-27.629555290842283,-33.53008421784056
-12.0,25.0,437.9918993100179,1048.3006086212251,4478.531985387254,0.46241536755992085,15298.413678377055,-14860.421779067037,12.448445806770634,53.182037914971914,181.66685399077755,-11.886941095518205,-27.89961926565777,-33.564773168705486
-11.5,25.0,458.91089147275255,1060.1360035426487,4489.292132196133,0.4349426974475908,15324.614103451207,-14865.703211978454,12.588989722389313,53.30981338636022,181.9779809413561,-11.908244806376768,-28.16624156092472,-33.634569709142696
-11.0,25.0,462.5412492823468,1072.596647937675,4500.648772184944,0.4080808757475939,15353.31186441483,-14890.770615132484,12.73695840159569,53.4446721437482,182.31876346040966,-11.930673966287815,-28.428439908204552,-33.690395890416106
-10.5,25.0,470.10163194835405,1086.4551303799872,4512.572543631352,0.38192221875034676,15381.489084576646,-14911.387452628293,12.90152624237383,53.586265520154,182.6533646189754,-11.955619234683978,-28.685330609783314,-33.762800862736924
-10.0,25.0,471.51448488312155,1101.2108186217465,4525.035618434776,0.35654815256605005,15410.508745213121,-14938.994260329999,13.07674829596086,53.734263060172786,182.99796965859198,-11.982179473519144,-28.936130740088146,-33.81315586348416
-9.5,25.0,470.5815738170562,1116.8978309704696,4538.011734504316,0.3320291288441442,15439.79021897657,-14969.208645159513,13.26302971322538,53.888352904579634,183.3456836981422,-12.010416095746844,-29.180158962510472,-33.85492049411379
-9.0,25.0,480.618285675218,1133.9117338896804,4551.476196309719,0.30842467967697906,15467.420577548042,-14986.802291872824,13.465067799161453,54.04824179687202,183.67379093996766,-12.041041121001424,-29.416835036264683,-33.94601443164464
-8.5,25.0,460.6206107904381,1150.4579025882574,4565.405845898684,0.28578360200652886,15499.09132522038,-15038.470714429943,13.661551596518805,54.21365473910393,184.0498773247476,-12.070824224658864,-29.64567810455887,-33.9120576981331
-8.0,25.0,475.6659223963138,1168.969562791454,4579.779007029312,0.2641442604041583,15525.64240190194,-15049.976479505625,13.881375373150906,54.384334328465165,184.36516822171325,-12.104145213024617,-29.86630386901534,-34.03223964738986
-7.5,25.0,470.2640951439132,1187.0441427572596,4594.57540533313,0.24353499597302528,15554.793139416372,-15084.529044272458,14.096008873631652,54.56003980922677,184.71132978376087,-12.136679456963067,-30.07842076584241,-34.06659356143212
-7.0,25.0,442.95708145426426,1204.4298221034696,4609.776067611265,0.22397462833383863,15586.69843418237,-15143.741352728106,14.302461760690298,54.74054587689495,185.09020138755204,-12.167973679786245,-30.281825266695726,-34.104549471394655
-6.5,25.0,455.8100478474453,1223.4079584474887,4625.363203475164,0.20547303719226348,15612.620101689698,-15156.810053842251,14.527824886352077,54.925641272708674,185.39801812497672,-12.20213432520548,-30.476396431524925,-34.12166017024916
-6.0,25.0,447.75344272198197,1241.3297195139276,4641.320072576792,0.188031809837609,15641.059100480645,-15193.305657758663,14.740643680467713,55.11512720701393,185.7357278738183,-12.234393495125069,-30.662089842099746,-34.16485226675045
-5.5,25.0,437.23203216912464,1258.7251117027915,4657.630840636252,0.17164494106807282,15669.38478023053,-15232.152748061406,14.94721190638471,55.3088156496087,186.0720919724428,-12.265705201065025,-30.838931043532597,-34.255256433064524
-5.0,25.0,426.4950993655156,1275.4777201178747,4674.280427373219,0.15629957245233433,15697.234366267417,-15270.739266901903,15.146147150972137,55.50652752394678,186.4028025145049,-12.295859896212175,-31.007008617200782,-34.34865959105157
-4.5,25.0,423.30568039506915,1291.6962207555832,4691.25434928991,0.14197675849033212,15723.473778049673,-15300.168097654603,15.338739928840626,55.70809084020413,186.71439242763347,-12.32505319736005,-31.16646700230885,-34.41093649774531
-4.0,25.0,426.01474675634427,1307.1204466457566,4708.538560045645,0.1286522480932888,15748.287353885482,-15322.272607129138,15.521900787974104,55.91333879974558,187.00905070744747,-12.352816803962362,-31.31749917524256,-34.450741080923734
-3.5,25.0,404.9650488224043,1320.3805424870961,4726.1192909153915,0.11629727082714168,15775.78142161981,-15370.816372797404,15.679362858601541,56.12210790058899,187.33553951169284,-12.376684976476774,-31.46033928620343,-34.60024596244927
-3.0,25.0,420.1474189559781,1333.7060672736177,4743.982893546545,0.10487931851518159,15797.512523197043,-15377.365104241066,15.837601890218595,56.33423607016057,187.59359377406844,-12.400670921092512,-31.595255341747148,-34.57953786085016
-2.5,25.0,420.97624209783453,1344.9196633073145,4762.1156869290735,0.09436291403447819,15820.518953735622,-15399.542711637787,15.970762017548953,56.549560848083445,187.86679241710215,-12.420855393953167,-31.72254201016203,-34.63901954357903
-2.0,25.0,435.98300826713626,1355.0272017032964,4780.50381018409,0.08471036042594875,15840.763766829245,-15404.780758562109,16.090787841179562,56.76791763805932,188.10719717943041,-12.439048963065934,-31.842513614497825,-34.630103895599575
-1.5,25.0,431.10580672292525,1362.5514766017754,4799.133082464253,0.0758824647296312,15862.974345451357,-15431.868538728431,16.18013771614735,56.98913804420237,188.3709451750345,-12.452592657883196,-31.955497365868972,-34.72157797316708
-1.0,25.0,440.9944102420088,1368.786196916389,4817.988870955649,0.06783923221605759,15882.259787427232,-15441.265377185224,16.2541742828712,57.213048303577104,188.5999575187477,-12.463815154449499,-32.06182687777565,-34.739751212216554
-0.5,25.0,474.23278667183286,1374.0063177418226,4837.0559676836865,0.06054052787473558,15897.379848026414,-15423.14706135458,16.316162600597806,57.43946782328302,188.77950645100628,-12.473211371935282,-32.16183599095802,-34.653753183879964
0.0,25.0,480.44802858922253,1376.1534460093067,4856.318475563433,0.05394670310728157,15915.349780721908,-15434.901752132686,16.34165949496012,57.66820782731573,188.99289727752256,-12.477076202816752,-32.25585292804865,-34.69655356110656
0.5,25.0,482.7451811280071,1376.133881324049,4875.759703905036,0.04801918652444669,15932.899548678191,-15450.154367550183,16.341427166635444,57.89907011570627,189.20129869742874,-12.477040986383289,-32.34419478830904,-34.75752684154203
1.0,25.0,497.58165314697214,1374.6138282324846,4895.362073394291,0.04272103853545682,15947.69149082374,-15450.109837676768,16.32337671586003,58.13184593617653,189.37695126183766,-12.474304890818473,-32.427162385290615,-34.75659913805286
1.5,25.0,516.864115303311,1371.303092215229,4915.107030422499,0.03801747002116902,15960.826835798127,-15443.962720494816,16.284062117020355,58.36631496681647,189.53293193066696,-12.468345565987413,-32.505035424569975,-34.733214673793206
2.0,25.0,534.5064840723982,1366.016806901526,4934.974970543156,0.03387632578059738,15973.127659706997,-15438.621175634598,16.221288103816917,58.60224440714128,189.67900276049275,-12.458830252422747,-32.57806801495231,-34.804236106267616
2.5,25.0,549.7308148692482,1358.8064762795666,4954.945170789036,0.030268533619586264,15984.674832252707,-15434.94401738346,16.13566628002115,58.83938817436484,189.81612406947087,-12.44585165730322,-32.64648450484399,-34.869480637961885
3.0,25.0,536.8431041026677,1348.7496298570475,4974.995730593702,0.02716851990277489,15999.039471084721,-15462.196366982054,16.016242417583065,59.07748620184962,189.98670245754352,-12.427749333742685,-32.710475635943695,-34.80771823124738
3.5,25.0,562.9190196746022,1338.6555162950121,4995.103521127066,0.024554592113773612,16006.807001469824,-15443.887981795222,15.896376012268606,59.316263837472384,190.0789409626595,-12.409579929331022,-32.77019500900475,-34.92280341588608
4.0,25.0,561.6697690574489,1326.0176749484262,5015.244142973658,0.022409288468860672,16017.23599184729,-15455.566222789841,15.746303140209076,59.5554313410587,190.20278399057108,-12.386831814907168,-32.82575586113284,-34.92877395816056
4.5,25.0,568.643638224831,1312.4196434665605,5035.391892252217,0.020719693919225655,16025.329990466244,-15456.686352241413,15.584828123798081,59.79468348205709,190.29889926737192,-12.362355358239808,-32.87722816078096,-34.97453917079148
5.0,25.0,548.8146920903409,1296.6359029784055,5055.519735490639,0.019477720976596405,16035.975154282107,-15487.160462191765,15.397398071312132,60.033699241181964,190.4253093293104,-12.33394462536113,-32.92463603509378,-34.90296378965436
5.5,25.0,539.5212853164131,1280.3466130240581,5075.599293824479,0.018680352736261237,16043.928899152816,-15504.407613836402,15.20396467867663,60.27214162277272,190.5197591094304,-12.304623903443305,-32.96795555425771,-34.87946522445894
6.0,25.0,533.6920620973987,1263.4636930421118,5095.600837370856,0.018329844288099802,16050.16829622489,-15516.476234127493,15.003481999636955,60.50965758798458,190.5938512120962,-12.2742346474758,-33.00711290867464,-34.90018701282928
6.5,25.0,524.4263848132822,1245.9109802235196,5115.493290931494,0.018433877447186543,16055.64884283196,-15531.22245801868,14.795045609838956,60.74587812251141,190.65893205519458,-12.242639764402336,-33.04198302665201,-34.92679263499196
7.0,25.0,534.4078318791427,1228.797663151835,5135.244252485441,0.019005662456400754,16057.186598182137,-15522.778766302994,14.5918269925941,60.98041845618468,190.67719271819843,-12.211835793673302,-33.07238869236619,-34.94965623643872
7.5,25.0,503.48380224840304,1209.9183671428161,5154.820026228476,0.020063979077884698,16063.19705852591,-15559.713256277506,14.367637584226438,61.212878455312506,190.74856622427853,-12.17785306085707,-33.098100235510294,-34.980746756287324
8.0,25.0,497.2264534493298,1192.0925543866394,5174.185672185306,0.02163314836878428,16064.496639991332,-15567.270186542002,14.155958164953022,61.442843211818534,190.76399860055568,-12.145766597895951,-33.1188358746145,-34.97409675387438
8.5,25.0,479.6019721372586,1174.0683715077432,5193.305074644272,0.023742925505647647,16066.128989193123,-15586.527017055865,13.941923123921837,61.6698838558961,190.7833825543654,-12.113323068713937,-33.13426280480886,-35.023128005728964
9.0,25.0,481.22587957439987,1157.2501029632047,5212.141031823048,0.026428303360761397,16063.809243256452,-15582.583363682052,13.742208173058872,61.89355862077775,190.75583584558677,-12.083050185333768,-33.14399912703463,-34.9738695094552
9.5,25.0,478.27937371872196,1140.8522774257187,5230.6553692487305,0.029729216223055854,16060.87573901286,-15582.596365294137,13.547485933203692,62.11341418911039,190.72100082946645,-12.053534099366294,-33.147616718640215,-34.944190828191125
10.0,25.0,454.2022007690483,1124.3650898453716,5248.80907930769,0.03369013317421013,16059.653002376923,-15605.450801607874,13.351702529653107,62.3289873500933,190.70648097645554,-12.023857161721669,-33.14464514418595,-35.01732105932787
10.5,25.0,437.9381023255097,1109.0822191427294,5266.562489272529,0.03835953124954955,16056.097371463013,-15618.159269137503,13.170220246661831,62.53980699477838,190.66425827966734,-11.996347994456913,-33.13457669944461,-35.05288525987684
11.0,25.0,444.9386077034492,1095.739304862707,5283.87545983024,0.043789239695664,16048.056445742717,-15603.117838039268,13.011774716865084,62.74539647356857,190.56877323726425,-11.972330748752873,-33.11687267043346,-34.97231278340458
11.5,25.0,434.44467895572086,1082.8038895011498,5300.707615705744,0.05003364843063708,16041.249630235392,-15606.804951279672,12.858168188554275,62.945276334845104,190.4879431077549,-11.94904700110207,-33.09097087239461,-34.96994929237553
12.0,25.0,422.8387186345762,1071.0085467117642,5317.018609391271,0.057148776248117615,16033.398823391759,-15610.560104757184,12.718099887268947,63.13896745672275,190.39471570453804,-11.927815384081176,-33.05629451067123,-34.980223588116786
12.5,25.0,434.12423495839124,1061.3695000412065,5332.768418252719,0.065191197390238,16021.161227495551,-15587.03699253716,12.603637347496898,63.325994575152656,190.2493956998884,-11.910465100074171,-33.012262376342754,-34.88137011833491
13.0,25.0,428.8351991704085,1052.3428192874935,5347.917674393985,0.07421682882713554,16010.081996804991,-15581.246797634583,12.496446580599025,63.5058902010223,190.1178311451243,-11.894217074717488,-32.95830035446495,-34.86391951975243
13.5,25.0,408.84619240872695,1044.0170368416855,5362.428025631009,0.08427958487344142,15999.920769914777,-15591.07457750605,12.397578898253673,63.67819890667962,189.99716777697125,-11.879230666315033,-32.89385418227484,-34.91721851790698
14.0,25.0,412.55100068044544,1037.9208816428923,5376.262524778427,0.09542991056356534,15985.326614254289,-15572.775613573844,12.325187775900275,63.84248194866597,189.8238639036919,-11.868257586957206,-32.81840334952908,-34.856466307689885
14.5,25.0,415.5675277705944,1033.0524298344535,5389.386043210486,0.10771321038402228,15969.73928107725,-15554.171753306657,12.267375486179356,63.99832217870314,189.63876616480795,-11.859494373702017,-32.73147598432267,-34.80253323288886
15.0,25.0,399.34593170493116,1028.6247259678746,5401.765703359558,0.12116819437605508,15955.784004300433,-15556.438072595502,12.214797026166794,64.14532917956203,189.47304890274972,-11.851524506742175,-32.63266451666271,-34.847640626698144
15.5,25.0,395.616361037493,1025.845301196982,5413.371323502418,0.13582516909864947,15939.048750669783,-15543.43238963229,12.181791685570875,64.28314454684717,189.27431974417593,-11.846521542154568,-32.52164186041651,-34.83077890153841
16.0,25.0,400.30891755789503,1024.4748592454584,5424.1758669053825,0.15170430627742848,15920.135353699008,-15519.826436141113,12.165517849397773,64.41144722254207,189.0497253909185,-11.844054746641826,-32.39817780393283,-34.774951057614075
16.5,25.0,406.20178346502695,1024.1353283794197,5434.155886208084,0.16881392693469272,15900.088700233617,-15493.88691676859,12.161485960499826,64.52995877201414,188.81167375075086,-11.843443591082956,-32.26215525276231,-34.71538019781406
17.0,25.0,402.89735855020393,1024.3112296619922,5443.291952879227,0.18714884316247493,15880.399991454986,-15477.502632904781,12.16357476743692,64.63844848375088,188.5778726614255,-11.843760213391587,-32.11358592672033,-34.69515212493966
17.5,25.0,412.59673853511725,1025.7831277694747,5451.56906073414,0.20668880322195862,15857.99823216511,-15445.401493629992,12.181053383468807,64.73673816108322,188.31185441799136,-11.846409629985054,-31.952625080323823,-34.6128629461849
18.0,25.0,417.3671248555892,1027.7208984886204,5458.976991919846,0.22739708809306522,15835.432705922178,-15418.065581066588,12.204064181692951,64.82470646821493,188.04389146134875,-11.849897617279517,-31.779584792618138,-34.55902464881547
18.5,25.0,414.0307836021328,1029.8819065267064,5465.510633501357,0.24921930873889886,15813.188429767819,-15399.157646165686,12.22972589669042,64.90229268964742,187.77974331153266,-11.85378743174807,-31.594945361652353,-34.54025966789819
19.0,25.0,429.33926339108206,1033.2205903331885,5471.170232868209,0.272082453001691,15787.56166940682,-15358.222406015737,12.269372372223422,64.96949976310219,187.47542856160936,-11.859797062599739,-31.399364342147557,-34.42834216614027
19.5,25.0,436.66425250955575,1036.5586578182406,5475.961580658604,0.2958942290614169,15762.323121828636,-15325.65886931908,12.309011529012302,65.02639645172337,187.17572379259104,-11.865805584072833,-31.193682783632738,-34.38839374586833
20.0,25.0,439.01130208847866,1039.9080920443155,5479.896110793198,0.320542748668716,15737.095893870179,-15298.0845917817,12.348785664507155,65.07311853196717,186.87615344271885,-11.871834565679768,-30.978928261409315,-34.3435825241331
20.5,25.0,441.7637232897853,1043.3832114945849,5482.990908529776,0.34589658787488875,15711.171253853849,-15269.407530564064,12.390052297181947,65.10986888925005,186.56830140710113,-11.878089780690253,-30.7563143444796,-34.3075953975742
21.0,25.0,441.2537143317768,1046.7456226138204,5485.268619186063,0.371805255757265,15685.108568743879,-15243.854854412102,12.42998053174907,65.13691643404312,186.25881010231487,-11.884142120704876,-30.52723621271953,-34.257192916576706
21.5,25.0,444.1394266764314,1050.1811724741333,5486.757252304532,0.39810009278565606,15658.02240777977,-15213.88298110334,12.470777280220688,65.15459377635221,185.93716514274678,-11.89032611045344,-30.293262219077253,-34.227272634368305
22.0,25.0,447.7794532624074,1053.5165251391243,5487.489878506643,0.42459561017803377,15630.330005252259,-15182.550551989852,12.51038419884226,65.16329362589786,185.6083211362777,-11.896329745250423,-30.05612128970965,-34.203078116059736
22.5,25.0,442.50927153418206,1056.3115127442754,5487.504219042654,0.45109127010795935,15603.43244811026,-15160.923176576078,12.543574346255303,65.16346391806778,185.28891582480213,-11.901360722939696,-29.81768616330514,-34.14203027894942
23.0,25.0,438.1289491107309,1058.9196093320863,5486.842131008926,0.47737369427794657,15576.006285577792,-15137.877336467061,12.574545184929994,65.1556017009333,184.9632333868017,-11.906055296797755,-29.579952587314544,-34.093206529268144
23.5,25.0,431.2131008039683,1061.180949185305,5485.548994285324,0.5032192755463412,15548.580022641643,-15117.366921837674,12.601398328371843,65.14024585520345,184.63754975651938,-11.910125708533549,-29.345014709796516,-34.039406259507565
24.0,25.0,441.2625072507224,1063.8686550645732,5483.67300933723,0.5283971544213956,15518.47278025502,-15077.210273004299,12.633314517971899,65.1179687557068,184.28002981218384,-11.914963579116232,-29.115037027014452,-34.06678057757224
24.5,25.0,415.4369773441946,1064.8780556364568,5481.264418019424,0.5526725097764887,15493.131581035042,-15077.694603690848,12.645301030440821,65.08936701852969,183.97910606705375,-11.916780500145622,-28.892223364446565,-33.94023690299483
25.0,25.0,418.8320748478185,1066.8372999779408,5478.374662298559,0.5758101015686332,15463.49249388501,-15044.660419037193,12.668566825391816,65.05505151094519,183.62714541081164,-11.920307139960293,-28.678783478019703,-33.9470425339489
25.5,25.0,390.1569109362468,1067.3336673059048,5475.055498265701,0.597577993124349,15438.185629581803,-15048.028718645557,12.674461128735338,65.01563683041651,183.32662938875941,-11.921200601150629,-28.47689795875912,-33.820748027624866
26.0,25.0,387.37494101799217,1068.738066355703,5471.358084835286,0.6177513721297303,15409.145316242726,-15021.770375224734,12.69113820143635,64.97173048300509,182.98177910074077,-11.923728519440266,-28.288682203535945,-33.80794644245313
26.5,25.0,383.48713922986474,1070.0349227200632,5467.332068028932,0.636116383212785,15380.200342679758,-14996.713203449894,12.70653821746051,64.92392200934886,182.6380609612932,-11.926062860896113,-28.116150273537016,-33.79616554301608
27.0,25.0,346.2287328646241,1070.008330851856,5463.024682645259,0.652473881254838,15355.916304404951,-15009.687571540328,12.706222442169,64.87277231709785,182.34969087741902,-11.926014995533341,-27.961179497467924,-33.64202327740425
27.5,25.0,337.03514018583576,1071.198731357044,5458.4798933641805,0.6666430135473501,15327.740262481064,-14990.705122295229,12.720358307449738,64.81880348162889,182.01510371028942,-11.92815771644268,-27.825476686129374,-33.608325519946156
28.0,25.0,312.18369818898617,1071.9464167372869,5453.737596893806,0.6784645407551045,15301.840793373181,-14989.657095184195,12.729236982955527,64.76248927163454,181.70755057623407,-11.929503550127116,-27.710546807612907,-33.580018774142694
28.5,25.0,310.4659866511931,1073.896101584677,5448.8329056340945,0.6878038113820307,15272.833757183123,-14962.36777053193,12.752389260044193,64.70424664271367,181.36309545042633,-11.933012982852418,-27.617664927703093,-33.50595871962811
29.0,25.0,283.98171018669603,1075.2262426635273,5443.795531524469,0.6945533119745639,15247.471049891155,-14963.48933970446,12.768184528118308,64.64442842063463,181.0619162994838,-11.93540723679435,-27.54785214897297,-33.498427286350584
29.5,25.0,263.5246591496981,1077.2619790009558,5438.649286310954,0.6986347254395479,15221.486466946375,-14957.961807796677,12.792358656478951,64.58331736706664,180.75335244867665,-11.93907156220172,-27.50185618640379,-33.49118804900827
30.0,25.0,258.3810354027646,1080.4645540968556,5433.411711485315,0.700000442292993,15193.623838416177,-14935.242803013412,12.830388857163332,64.52112178515085,180.42248702854823,-11.94483619737434,-27.48013710003663,-33.42305254345993
30.5,25.0,239.98613946244137,1083.775111198367,5428.09384771076,0.698634483990851,15167.924996429248,-14927.938856966806,12.869701331399694,64.45797278145771,180.11731631783786,-11.95079520015706,-27.482858569961707,-33.421536090372705
31.0,25.0,239.5805230601625,1088.5185563240755,5422.700149771261,0.6945528132421283,15140.057820585258,-14900.477297525096,12.926029181540345,64.3939232560203,179.7863968988957,-11.959333401383336,-27.509884950409116,-33.33335779104226
31.5,25.0,216.56157473379682,1093.1353767391538,5417.228549094605,0.6878030228270172,15115.74692609539,-14899.185351361593,12.980853378210695,64.3289486447881,179.49770790064235,-11.967643678130477,-27.560784182927136,-33.36492658021603
32.0,25.0,222.437703421877,1099.737748011359,5411.670661841409,0.6784634113599887,15087.819991779352,-14865.382288357474,13.059255756595578,64.2629493906595,179.1660788569087,-11.979527946420445,-27.63483648907464,-33.263231662295034
32.5,25.0,227.97180197682223,1107.1934400968603,5406.012136565577,0.6666414710590522,15060.407592662792,-14832.43579068597,13.147791218766493,64.19575507190862,178.8405598578452,-11.99294819217435,-27.731048606286567,-33.17678845135379
33.0,25.0,226.08418221808537,1115.240369103333,5400.233131674641,0.6524718283293716,15034.536710550707,-14808.452528332622,13.24334754948327,64.1271300719704,178.5333461909856,-12.007432664386,-27.84817318205001,-33.128294326633316
33.5,25.0,226.23942491258683,1124.2608065053946,5394.308909481113,0.6361136923009646,15008.916500694744,-14782.677075782158,13.350464177318313,64.05678063373017,178.2291092275353,-12.02366945170971,-27.98473280635732,-33.07903661922914
34.0,25.0,243.2704274883201,1134.8334055598464,5388.210530653798,0.6177478788950673,14981.50285514281,-14738.23242765449,13.476012541292993,63.984363106050914,177.90357542719906,-12.042700130007724,-28.13904804512123,-32.97778916933369
34.5,25.0,248.8414359782273,1145.7911386545013,5381.905630447441,0.5975734881302166,14956.29351283138,-14707.452076853153,13.606134326468027,63.909493161408655,177.604217467271,-12.062424049578102,-28.309268741633442,-32.94503133466003
35.0,25.0,242.00890812042311,1157.0435151381953,5375.359256283574,0.5758043199108684,14933.44947800909,-14691.440569888668,13.739754967057829,63.831755742065816,177.33294725417127,-12.082678327248752,-28.49340778211262,-32.90323416204733
35.5,25.0,242.63788270086079,1169.3133953839153,5368.534745122956,0.55266511826856,14910.216672625642,-14667.57878992478,13.885458344541604,63.75071547876539,177.05706043661473,-12.104764111691047,-28.68937647680428,-32.873269541393036
36.0,25.0,251.8480330414438,1182.555369838259,5361.3946186316325,0.5283877358607858,14886.46343791321,-14634.615404871765,14.04270522584061,63.66592732072202,176.77499358229696,-12.128599665708865,-28.89502069078987,-32.811086921204485
36.5,25.0,274.3131350022337,1196.8486467414461,5353.901474392038,0.5032073095015475,14861.558563029474,-14587.24542802724,14.212436199444177,63.57694711864851,176.4792511370814,-12.154327564134602,-29.108156868391738,-32.817808360674846
37.0,25.0,277.26991348245565,1210.758674457129,5346.0188523157785,0.477358533734111,14840.110005912009,-14562.840092429553,14.377616134250378,63.48334191330515,176.22455205676573,-12.179365614022831,-29.326607130561403,-32.78056075251645
37.5,25.0,280.6842863692354,1224.9453996711713,5337.7120569194685,0.4510721131942753,14819.341583785392,-14538.657297416157,14.546081819140927,63.3846996999281,175.977929499067,-12.20490171940811,-29.548232683706566,-32.74798785393595
38.0,25.0,282.3717678695042,1239.1700058995218,5328.948918152922,0.4245714660703753,14799.576086730554,-14517.20431886105,14.714997336598433,63.28063846297428,175.74321655803888,-12.23050601061914,-29.77096485804188,-32.70877445739749
38.5,25.0,311.18191933727104,1254.4244957169296,5319.7004759269485,0.3980697407320988,14776.789430047362,-14465.607510710091,14.896142599932482,63.170814304807955,175.4726277035582,-12.257964092290473,-29.992833190079622,-32.79531377997209
39.0,25.0,302.8435496777789,1267.967947179111,5309.941576271012,0.37176719601112795,14759.992307171666,-14457.148757493887,15.05696948506168,63.05492852500246,175.27316385501308,-12.2823423049224,-30.21199007318767,-32.7279861902578
39.5,25.0,298.92940490778824,1281.2877515942896,5299.6513700473615,0.3458489831386417,14743.375119644179,-14444.44571473639,15.215140587945248,62.932733542511635,175.07583671745766,-12.30631795286972,-30.426731617837476,-32.68509843667253
40.0,25.0,304.8211728122678,1294.4210192104322,5288.8137082440735,0.3204833544517672,14726.192868523873,-14421.371695711605,15.371096588390953,62.80403758972783,174.87179951653417,-12.329957834578778,-30.635514484773427,-32.69040486526727
40.5,25.0,300.6975060151263,1306.3970112850168,5277.417430953986,0.29582031113496227,14711.226828791272,-14410.529322776145,15.513310078583295,62.66870814407275,174.69407956385925,-12.35151462031303,-30.836968575502514,-32.6644125312641
41.0,25.0,276.5571077382654,1316.6410283585294,5265.456550116174,0.27199068989435554,14699.88132053898,-14423.324212800715,15.634956570376314,62.526674098030774,174.5593529945265,-12.369953851045352,-31.029905581159916,-32.563259119638666
41.5,25.0,269.21554101681534,1326.4572478837013,5252.93032885912,0.24910567695823424,14687.004164423177,-14417.78862340636,15.751523016853133,62.37792670133972,174.40643828787216,-12.387623046190662,-31.213323499322307,-32.535700294842506
42.0,25.0,271.1262021129023,1335.384475214123,5239.843262761747,0.22725672748105447,14673.651759639273,-14402.52555752637,15.857532786105907,62.222519338467876,174.2478800594637,-12.403692055385422,-31.386407325641656,-32.55607457427063
42.5,25.0,259.7768551367322,1342.3748108491102,5226.204970478212,0.20651585955920898,14662.973588793413,-14403.196733656681,15.940542195437192,62.060566229796336,174.12107804294578,-12.416274659528398,-31.5485262108279,-32.52704086057548
43.0,25.0,247.2629698422237,1347.7792322525459,5212.0300029107175,0.18693628482825844,14653.271975733256,-14406.009005891032,16.004719060741227,61.892240165568666,174.0058725346933,-12.426002618054582,-31.699227441784966,-32.50374523157684
43.5,25.0,225.35528260314678,1351.1527382591605,5197.337581435408,0.16855333211189957,14645.692657462256,-14420.33737485911,16.04477904578444,61.71776939735439,173.91586902618354,-12.43207492886649,-31.83822765757664,-32.44213854340947
44.0,25.0,208.84015984832814,1352.990153932563,5182.151276581459,0.15138561686738508,14638.157168949725,-14429.317009101396,16.066598139703448,61.53743382240121,173.82638599087446,-12.435382277078613,-31.965401746040158,-32.39943149925128
44.5,25.0,178.96296340227542,1352.4657628689497,5166.498639040892,0.13543640718639832,14633.280812812143,-14454.317849409868,16.060371057811803,61.35156060192007,173.76847983817936,-12.43443837316411,-32.08076988559602,-32.37486360975635
45.0,25.0,165.26573251393552,1350.7083836412469,5150.410794969204,0.12069513676921262,14626.915429680796,-14461.64969716686,16.039502387224292,61.160519355328034,173.69289166595254,-12.431275090554244,-32.18448320002165,-32.37526111178964
45.5,25.0,168.78187987738474,1347.7303681384112,5133.922017260061,0.10713901644628038,14618.902191505122,-14450.120311627737,16.004138805162153,60.964717069185966,173.5977354098689,-12.42591466264914,-32.27680848305159,-32.32560337890904
46.0,25.0,147.2236511039814,1341.8359279664185,5117.069283886007,0.09473469828738136,14615.145412726704,-14467.921761622723,15.934143024907087,60.76459285254663,173.55312410596756,-12.415304670339554,-32.35811242640838,-32.3535252223684
46.5,25.0,125.26409736726505,1334.0328418641786,5099.891833543499,0.08343994989716268,14612.173134210097,-14486.909036842833,15.841482299853174,60.560612660291994,173.5178286499387,-12.401259115355522,-32.42884575130383,-32.41325064966696
47.0,25.0,119.07484471646131,1325.01398554116,5082.430727780868,0.0732053009130491,14607.701900076449,-14488.627055359988,15.734384447144867,60.353264093454584,173.46473327315044,-12.385025173974089,-32.48952760178812,-32.40151305308877
47.5,25.0,107.7527102272833,1314.0140033089394,5064.728427579559,0.06397562875675993,14604.637100240307,-14496.884390013023,15.603760958455545,60.14305137116968,173.42833913738914,-12.36522520595609,-32.54073051083237,-32.42518841106448
48.0,25.0,124.99715373473305,1302.4756057822747,5046.828391059098,0.055691656108017254,14598.238200038542,-14473.241046303809,15.466743851791287,59.93049055346946,173.35235295391323,-12.344456090408094,-32.58306619893422,-32.320523714315485
48.5,25.0,114.26484888006172,1288.254557011614,5028.774697637856,0.0482913381457313,14596.39717703159,-14482.132328151527,15.297870578723318,59.716105078236374,173.33049102333473,-12.318858202620905,-32.61717241243656,-32.35534909921482
49.0,25.0,109.54402369059221,1272.8490761476717,5010.61170265356,0.04171112313593678,14594.33019373929,-14484.786170048697,15.114932314560464,59.50042165986269,173.30594584107877,-12.291128337065809,-32.643700956552976,-32.37565051689154
49.5,25.0,115.81874031490976,1256.6164862562375,4992.383725171678,0.035887075261226004,14591.31268234764,-14475.49394203273,14.92217222846949,59.28396658201179,173.27011325000578,-12.261909675261228,-32.663307027957984,-32.34716816042772
50.0,25.0,115.23525161719914,1239.0176279041154,4974.134770521343,0.030755853537606265,14589.816141882691,-14474.580890265492,14.71318786591573,59.06726240276526,173.25234200889196,-12.230231730227407,-32.67663990509996,-32.35194200907362
50.5,25.0,136.98620076238512,1221.4097059761266,4955.908288024652,0.026255545137847985,14585.724440359641,-14448.738239597256,14.504095874469968,58.85082507768679,173.20375353698964,-12.198537470757028,-32.684335012203746,-32.2547276335079
51.0,25.0,137.08289632779307,1202.2344218587632,4937.746963445518,0.022326355354089656,14585.16578911104,-14448.082892783248,14.276391642304748,58.63516149517693,173.1971196194512,-12.164021959345774,-32.68700733601513,-32.27172390264479
51.5,25.0,159.61831316527434,1183.4655440782508,4919.692544890799,0.018911159736583496,14581.93601801468,-14422.317704849405,14.053513437347956,58.42076740906952,173.15876646947623,-12.130237979340851,-32.68524614317418,-32.313274423895976
52.0,25.0,166.9931224443313,1163.8148600008299,4901.785700254288,0.0159559266188011,14581.267028886517,-14414.273906442186,13.820163886854536,58.208125745796,173.15082230266114,-12.094866748001493,-32.67961092088851,-32.32291292944281
52.5,25.0,164.06842387185546,1143.6951084622933,4884.065903802221,0.013410020286176487,14582.445512559116,-14418.37708868726,13.581244215709269,57.99770525760161,173.16481665696358,-12.058651195232128,-32.67062844426841,-32.29265633202061
53.0,25.0,183.5232809151917,1124.6310718230975,4866.571349150891,0.011226396492872168,14580.862995264828,-14397.339714349637,13.35486103419662,57.789959489164914,173.14602445116478,-12.024335929281575,-32.65879086003576,-32.353728842014654
53.5,25.0,181.04186719105834,1105.0638747666944,4849.338885672342,0.009361702922003404,14582.689740911543,-14401.647873720485,13.122502882208705,57.58532602242295,173.1677168397782,-11.98911497458005,-32.64455466791219,-32.325631532131986
54.0,25.0,181.54184215615243,1086.1970090879151,4832.403975269064,0.0077762975768280234,14584.40288243893,-14402.861040282778,12.898461082543237,57.384225963275796,173.1880601929038,-11.955154616358246,-32.628340477292866,-32.30823300251532
54.5,25.0,176.6795228662295,1067.8935602052688,4815.800666467486,0.0064341980494993355,14587.13580263194,-14410.456279765709,12.681109790729817,57.18706363394989,173.22051329713472,-11.922208408369483,-32.61053341719598,-32.26971226262507
55.0,25.0,188.5060598638298,1051.2196543632924,4799.561582875675,0.005302974211008596,14587.76637498494,-14399.26031512111,12.483109129894526,56.99422643593457,173.22800126928604,-11.892195377853927,-32.59148408127714,-32.307886040730516
55.5,25.0,182.552269274569,1034.965279916319,4783.717923215783,0.00435359617319023,14591.085193045694,-14408.532923771125,12.290090354781693,56.80608485036735,173.26741184143688,-11.862937503849375,-32.5715098962297,-32.276487219382865
56.0,25.0,186.90390563134164,1020.4049971928663,4768.299470359376,0.003560248461720921,14593.12513812609,-14406.221232494749,12.117188718625483,56.622992545327406,173.29163594812275,-11.83672899494716,-32.550896810491395,-32.293046359008
56.5,25.0,190.07062484954076,1007.2107050698628,4753.334607048062,0.0029001202743499403,14595.459830179932,-14405.389205330392,11.960508059374567,56.445286562516195,173.31936014027596,-11.812979269125753,-32.52990121021736,-32.30611004518602
57.0,25.0,200.68454527158707,995.8379330752531,4738.85033625806,0.002353180541557958,14596.84593445949,-14396.161389187902,11.82545773632471,56.273287559084274,173.33581996474305,-11.792508279535456,-32.508751980390485,-32.35008397463695
57.5,25.0,178.2777126906697,984.7556575269784,4724.872304453064,0.0019019453105300916,14602.914420845136,-14424.636708154467,11.693857024235223,56.10730008375631,173.40788252321107,-11.772560183548562,-32.487652640220745,-32.313868293167474
58.0,25.0,194.52778179385766,976.8952337829762,4711.424826253924,0.0015312437827304003,14603.596271830193,-14409.068490036336,11.600515421463323,55.947612869780635,173.41597942305634,-11.758411420809358,-32.46678349321249,-32.328627789172955
58.5,25.0,188.33221875951745,969.8528693334895,4698.530909327688,0.0012279881870894578,14607.412196224737,-14419.07997746522,11.51688817611023,55.7944991304837,173.46129307415754,-11.745735164800282,-32.446303743106036,-32.30366901546408
59.0,25.0,193.74067782731254,965.0068291446295,4686.212278555445,0.0009809515932208178,14609.562196914057,-14415.821519086745,11.459342021722511,55.648216846260304,173.48682407818958,-11.737012292460333,-32.42635353706081,-32.327004247142774
59.5,25.0,168.97901642333537,960.6787098103339,4674.489398773456,0.0007805567827152858,14615.862307364549,-14446.883290941214,11.407946116258831,55.5090090346219,173.56163714504717,-11.7292216776586,-32.407055906747786,-32.3939412064303
60.0,25.0,179.34901119414707,959.4501357167396,4663.381495591821,0.0006186784148549876,14617.138727886957,-14437.78971669281,11.393356944128305,55.377103997415716,173.57679448786388,-11.727010244290131,-32.388518586331585,-32.352980515101336
