satellite_position_km,nadir_surface_echo_m,offnadir_surface_echo_apparent_depth_m,offnadir_extra_two_way_delay_us
-60.000,0.000000,2947.661999,35.003138
-59.800,0.000000,2931.053400,34.805913
-59.600,0.000000,2914.499048,34.609332
-59.400,0.000000,2897.998958,34.413395
-59.200,0.000000,2881.553139,34.218103
-59.000,0.000000,2865.161605,34.023455
-58.800,0.000000,2848.824367,33.829453
-58.600,0.000000,2832.541436,33.636095
-58.400,0.000000,2816.312824,33.443382
-58.200,0.000000,2800.138543,33.251314
-58.000,0.000000,2784.018605,33.059892
-57.800,0.000000,2767.953020,32.869115
-57.600,0.000000,2751.941801,32.678984
-57.400,0.000000,2735.984959,32.489498
-57.200,0.000000,2720.082505,32.300658
-57.000,0.000000,2704.234451,32.112464
-56.800,0.000000,2688.440808,31.924917
-56.600,0.000000,2672.701588,31.738015
-56.400,0.000000,2657.016801,31.551760
-56.200,0.000000,2641.386460,31.366152
-56.000,0.000000,2625.810575,31.181190
-55.800,0.000000,2610.289157,30.996875
-55.600,0.000000,2594.822218,30.813207
-55.400,0.000000,2579.409769,30.630186
-55.200,0.000000,2564.051820,30.447812
-55.000,0.000000,2548.748384,30.266086
-54.800,0.000000,2533.499470,30.085007
-54.600,0.000000,2518.305091,29.904575
-54.400,0.000000,2503.165256,29.724792
-54.200,0.000000,2488.079977,29.545656
-54.000,0.000000,2473.049264,29.367168
-53.800,0.000000,2458.073129,29.189328
-53.600,0.000000,2443.151582,29.012136
-53.400,0.000000,2428.284634,28.835593
-53.200,0.000000,2413.472296,28.659698
-53.000,0.000000,2398.714579,28.484452
-52.800,0.000000,2384.011492,28.309855
-52.600,0.000000,2369.363047,28.135906
-52.400,0.000000,2354.769254,27.962607
-52.200,0.000000,2340.230124,27.789956
-52.000,0.000000,2325.745667,27.617955
-51.800,0.000000,2311.315894,27.446603
-51.600,0.000000,2296.940815,27.275901
-51.400,0.000000,2282.620441,27.105848
-51.200,0.000000,2268.354781,26.936445
-51.000,0.000000,2254.143847,26.767692
-50.800,0.000000,2239.987649,26.599589
-50.600,0.000000,2225.886196,26.432135
-50.400,0.000000,2211.839499,26.265333
-50.200,0.000000,2197.847568,26.099180
-50.000,0.000000,2183.910413,25.933678
-49.800,0.000000,2170.028045,25.768827
-49.600,0.000000,2156.200473,25.604626
-49.400,0.000000,2142.427707,25.441076
-49.200,0.000000,2128.709758,25.278177
-49.000,0.000000,2115.046635,25.115929
-48.800,0.000000,2101.438349,24.954332
-48.600,0.000000,2087.884909,24.793386
-48.400,0.000000,2074.386324,24.633092
-48.200,0.000000,2060.942606,24.473450
-48.000,0.000000,2047.553762,24.314459
-47.800,0.000000,2034.219805,24.156120
-47.600,0.000000,2020.940742,23.998432
-47.400,0.000000,2007.716583,23.841397
-47.200,0.000000,1994.547339,23.685014
-47.000,0.000000,1981.433018,23.529283
-46.800,0.000000,1968.373631,23.374204
-46.600,0.000000,1955.369187,23.219778
-46.400,0.000000,1942.419694,23.066004
-46.200,0.000000,1929.525164,22.912883
-46.000,0.000000,1916.685604,22.760415
-45.800,0.000000,1903.901025,22.608600
-45.600,0.000000,1891.171436,22.457437
-45.400,0.000000,1878.496845,22.306928
-45.200,0.000000,1865.877263,22.157072
-45.000,0.000000,1853.312697,22.007869
-44.800,0.000000,1840.803159,21.859320
-44.600,0.000000,1828.348656,21.711424
-44.400,0.000000,1815.949198,21.564182
-44.200,0.000000,1803.604793,21.417594
-44.000,0.000000,1791.315452,21.271659
-43.800,0.000000,1779.081182,21.126379
-43.600,0.000000,1766.901992,20.981752
-43.400,0.000000,1754.777892,20.837780
-43.200,0.000000,1742.708891,20.694462
-43.000,0.000000,1730.694997,20.551798
-42.800,0.000000,1718.736218,20.409789
-42.600,0.000000,1706.832565,20.268435
-42.400,0.000000,1694.984044,20.127735
-42.200,0.000000,1683.190666,19.987690
-42.000,0.000000,1671.452438,19.848300
-41.800,0.000000,1659.769370,19.709565
-41.600,0.000000,1648.141469,19.571485
-41.400,0.000000,1636.568745,19.434060
-41.200,0.000000,1625.051205,19.297291
-41.000,0.000000,1613.588859,19.161177
-40.800,0.000000,1602.181714,19.025718
-40.600,0.000000,1590.829779,18.890916
-40.400,0.000000,1579.533062,18.756768
-40.200,0.000000,1568.291572,18.623277
-40.000,0.000000,1557.105316,18.490442
-39.800,0.000000,1545.974304,18.358262
-39.600,0.000000,1534.898542,18.226739
-39.400,0.000000,1523.878039,18.095872
-39.200,0.000000,1512.912804,17.965661
-39.000,0.000000,1502.002844,17.836106
-38.800,0.000000,1491.148167,17.707208
-38.600,0.000000,1480.348782,17.578967
-38.400,0.000000,1469.604695,17.451382
-38.200,0.000000,1458.915916,17.324454
-38.000,0.000000,1448.282452,17.198183
-37.800,0.000000,1437.704310,17.072569
-37.600,0.000000,1427.181499,16.947612
-37.400,0.000000,1416.714025,16.823312
-37.200,0.000000,1406.301898,16.699669
-37.000,0.000000,1395.945124,16.576683
-36.800,0.000000,1385.643711,16.454355
-36.600,0.000000,1375.397667,16.332685
-36.400,0.000000,1365.206999,16.211672
-36.200,0.000000,1355.071715,16.091316
-36.000,0.000000,1344.991822,15.971619
-35.800,0.000000,1334.967328,15.852579
-35.600,0.000000,1324.998239,15.734197
-35.400,0.000000,1315.084564,15.616474
-35.200,0.000000,1305.226309,15.499408
-35.000,0.000000,1295.423482,15.383001
-34.800,0.000000,1285.676090,15.267252
-34.600,0.000000,1275.984140,15.152161
-34.400,0.000000,1266.347639,15.037729
-34.200,0.000000,1256.766595,14.923955
-34.000,0.000000,1247.241015,14.810840
-33.800,0.000000,1237.770904,14.698383
-33.600,0.000000,1228.356272,14.586586
-33.400,0.000000,1218.997123,14.475447
-33.200,0.000000,1209.693466,14.364967
-33.000,0.000000,1200.445307,14.255146
-32.800,0.000000,1191.252653,14.145984
-32.600,0.000000,1182.115511,14.037482
-32.400,0.000000,1173.033887,13.929639
-32.200,0.000000,1164.007788,13.822455
-32.000,0.000000,1155.037221,13.715930
-31.800,0.000000,1146.122193,13.610066
-31.600,0.000000,1137.262709,13.504860
-31.400,0.000000,1128.458777,13.400315
-31.200,0.000000,1119.710403,13.296429
-31.000,0.000000,1111.017594,13.193203
-30.800,0.000000,1102.380355,13.090636
-30.600,0.000000,1093.798694,12.988730
-30.400,0.000000,1085.272616,12.887484
-30.200,0.000000,1076.802129,12.786898
-30.000,0.000000,1068.387237,12.686972
-29.800,0.000000,1060.027948,12.587707
-29.600,0.000000,1051.724268,12.489101
-29.400,0.000000,1043.476202,12.391157
-29.200,0.000000,1035.283757,12.293872
-29.000,0.000000,1027.146938,12.197248
-28.800,0.000000,1019.065753,12.101285
-28.600,0.000000,1011.040207,12.005983
-28.400,0.000000,1003.070305,11.911341
-28.200,0.000000,995.156054,11.817361
-28.000,0.000000,987.297459,11.724041
-27.800,0.000000,979.494527,11.631382
-27.600,0.000000,971.747263,11.539384
-27.400,0.000000,964.055673,11.448047
-27.200,0.000000,956.419762,11.357372
-27.000,0.000000,948.839537,11.267357
-26.800,0.000000,941.315002,11.178004
-26.600,0.000000,933.846164,11.089313
-26.400,0.000000,926.433028,11.001283
-26.200,0.000000,919.075599,10.913914
-26.000,0.000000,911.773883,10.827207
-25.800,0.000000,904.527885,10.741162
-25.600,0.000000,897.337611,10.655778
-25.400,0.000000,890.203065,10.571056
-25.200,0.000000,883.124254,10.486996
-25.000,0.000000,876.101183,10.403598
-24.800,0.000000,869.133856,10.320862
-24.600,0.000000,862.222279,10.238788
-24.400,0.000000,855.366457,10.157376
-24.200,0.000000,848.566395,10.076626
-24.000,0.000000,841.822098,9.996538
-23.800,0.000000,835.133571,9.917112
-23.600,0.000000,828.500820,9.838349
-23.400,0.000000,821.923848,9.760249
-23.200,0.000000,815.402661,9.682810
-23.000,0.000000,808.937264,9.606034
-22.800,0.000000,802.527661,9.529921
-22.600,0.000000,796.173858,9.454470
-22.400,0.000000,789.875859,9.379682
-22.200,0.000000,783.633668,9.305557
-22.000,0.000000,777.447291,9.232095
-21.800,0.000000,771.316731,9.159295
-21.600,0.000000,765.241994,9.087158
-21.400,0.000000,759.223084,9.015684
-21.200,0.000000,753.260005,8.944874
-21.000,0.000000,747.352763,8.874726
-20.800,0.000000,741.501360,8.805241
-20.600,0.000000,735.705802,8.736419
-20.400,0.000000,729.966093,8.668261
-20.200,0.000000,724.282237,8.600766
-20.000,0.000000,718.654239,8.533934
-19.800,0.000000,713.082102,8.467766
-19.600,0.000000,707.565830,8.402261
-19.400,0.000000,702.105429,8.337419
-19.200,0.000000,696.700901,8.273241
-19.000,0.000000,691.352252,8.209726
-18.800,0.000000,686.059484,8.146875
-18.600,0.000000,680.822602,8.084688
-18.400,0.000000,675.641610,8.023164
-18.200,0.000000,670.516511,7.962304
-18.000,0.000000,665.447309,7.902108
-17.800,0.000000,660.434009,7.842576
-17.600,0.000000,655.476614,7.783707
-17.400,0.000000,650.575127,7.725503
-17.200,0.000000,645.729553,7.667962
-17.000,0.000000,640.939894,7.611085
-16.800,0.000000,636.206154,7.554873
-16.600,0.000000,631.528338,7.499324
-16.400,0.000000,626.906448,7.444440
-16.200,0.000000,622.340488,7.390220
-16.000,0.000000,617.830461,7.336664
-15.800,0.000000,613.376370,7.283772
-15.600,0.000000,608.978220,7.231544
-15.400,0.000000,604.636012,7.179981
-15.200,0.000000,600.349751,7.129082
-15.000,0.000000,596.119440,7.078848
-14.800,0.000000,591.945081,7.029278
-14.600,0.000000,587.826679,6.980372
-14.400,0.000000,583.764235,6.932131
-14.200,0.000000,579.757753,6.884555
-14.000,0.000000,575.807236,6.837643
-13.800,0.000000,571.912687,6.791396
-13.600,0.000000,568.074109,6.745813
-13.400,0.000000,564.291505,6.700895
-13.200,0.000000,560.564877,6.656642
-13.000,0.000000,556.894228,6.613053
-12.800,0.000000,553.279561,6.570129
-12.600,0.000000,549.720879,6.527870
-12.400,0.000000,546.218184,6.486276
-12.200,0.000000,542.771479,6.445347
-12.000,0.000000,539.380767,6.405083
-11.800,0.000000,536.046050,6.365483
-11.600,0.000000,532.767330,6.326549
-11.400,0.000000,529.544610,6.288280
-11.200,0.000000,526.377893,6.250675
-11.000,0.000000,523.267180,6.213736
-10.800,0.000000,520.212475,6.177462
-10.600,0.000000,517.213779,6.141852
-10.400,0.000000,514.271094,6.106908
-10.200,0.000000,511.384423,6.072630
-10.000,0.000000,508.553769,6.039016
-9.800,0.000000,505.779132,6.006067
-9.600,0.000000,503.060515,5.973784
-9.400,0.000000,500.397920,5.942166
-9.200,0.000000,497.791350,5.911213
-9.000,0.000000,495.240806,5.880926
-8.800,0.000000,492.746289,5.851304
-8.600,0.000000,490.307803,5.822347
-8.400,0.000000,487.925348,5.794056
-8.200,0.000000,485.598926,5.766430
-8.000,0.000000,483.328540,5.739469
-7.800,0.000000,481.114191,5.713174
-7.600,0.000000,478.955880,5.687544
-7.400,0.000000,476.853609,5.662580
-7.200,0.000000,474.807380,5.638282
-7.000,0.000000,472.817194,5.614648
-6.800,0.000000,470.883053,5.591681
-6.600,0.000000,469.004958,5.569378
-6.400,0.000000,467.182911,5.547742
-6.200,0.000000,465.416913,5.526771
-6.000,0.000000,463.706965,5.506465
-5.800,0.000000,462.053068,5.486826
-5.600,0.000000,460.455224,5.467851
-5.400,0.000000,458.913434,5.449543
-5.200,0.000000,457.427699,5.431900
-5.000,0.000000,455.998021,5.414923
-4.800,0.000000,454.624399,5.398611
-4.600,0.000000,453.306836,5.382965
-4.400,0.000000,452.045332,5.367985
-4.200,0.000000,450.839889,5.353670
-4.000,0.000000,449.690506,5.340022
-3.800,0.000000,448.597186,5.327039
-3.600,0.000000,447.559928,5.314721
-3.400,0.000000,446.578734,5.303070
-3.200,0.000000,445.653605,5.292084
-3.000,0.000000,444.784540,5.281764
-2.800,0.000000,443.971541,5.272110
-2.600,0.000000,443.214608,5.263121
-2.400,0.000000,442.513742,5.254798
-2.200,0.000000,441.868944,5.247141
-2.000,0.000000,441.280213,5.240150
-1.800,0.000000,440.747550,5.233825
-1.600,0.000000,440.270956,5.228166
-1.400,0.000000,439.850432,5.223172
-1.200,0.000000,439.485976,5.218844
-1.000,0.000000,439.177590,5.215182
-0.800,0.000000,438.925274,5.212186
-0.600,0.000000,438.729028,5.209855
-0.400,0.000000,438.588853,5.208191
-0.200,0.000000,438.504747,5.207192
0.000,0.000000,438.476712,5.206859
0.200,0.000000,438.504747,5.207192
0.400,0.000000,438.588853,5.208191
0.600,0.000000,438.729028,5.209855
0.800,0.000000,438.925274,5.212186
1.000,0.000000,439.177590,5.215182
1.200,0.000000,439.485976,5.218844
1.400,0.000000,439.850432,5.223172
1.600,0.000000,440.270956,5.228166
1.800,0.000000,440.747550,5.233825
2.000,0.000000,441.280213,5.240150
2.200,0.000000,441.868944,5.247141
2.400,0.000000,442.513742,5.254798
2.600,0.000000,443.214608,5.263121
2.800,0.000000,443.971541,5.272110
3.000,0.000000,444.784540,5.281764
3.200,0.000000,445.653605,5.292084
3.400,0.000000,446.578734,5.303070
3.600,0.000000,447.559928,5.314721
3.800,0.000000,448.597186,5.327039
4.000,0.000000,449.690506,5.340022
4.200,0.000000,450.839889,5.353670
4.400,0.000000,452.045332,5.367985
4.600,0.000000,453.306836,5.382965
4.800,0.000000,454.624399,5.398611
5.000,0.000000,455.998021,5.414923
5.200,0.000000,457.427699,5.431900
5.400,0.000000,458.913434,5.449543
5.600,0.000000,460.455224,5.467851
5.800,0.000000,462.053068,5.486826
6.000,0.000000,463.706965,5.506465
6.200,0.000000,465.416913,5.526771
6.400,0.000000,467.182911,5.547742
6.600,0.000000,469.004958,5.569378
6.800,0.000000,470.883053,5.591681
7.000,0.000000,472.817194,5.614648
7.200,0.000000,474.807380,5.638282
7.400,0.000000,476.853609,5.662580
7.600,0.000000,478.955880,5.687544
7.800,0.000000,481.114191,5.713174
8.000,0.000000,483.328540,5.739469
8.200,0.000000,485.598926,5.766430
8.400,0.000000,487.925348,5.794056
8.600,0.000000,490.307803,5.822347
8.800,0.000000,492.746289,5.851304
9.000,0.000000,495.240806,5.880926
9.200,0.000000,497.791350,5.911213
9.400,0.000000,500.397920,5.942166
9.600,0.000000,503.060515,5.973784
9.800,0.000000,505.779132,6.006067
10.000,0.000000,508.553769,6.039016
10.200,0.000000,511.384423,6.072630
10.400,0.000000,514.271094,6.106908
10.600,0.000000,517.213779,6.141852
10.800,0.000000,520.212475,6.177462
11.000,0.000000,523.267180,6.213736
11.200,0.000000,526.377893,6.250675
11.400,0.000000,529.544610,6.288280
11.600,0.000000,532.767330,6.326549
11.800,0.000000,536.046050,6.365483
12.000,0.000000,539.380767,6.405083
12.200,0.000000,542.771479,6.445347
12.400,0.000000,546.218184,6.486276
12.600,0.000000,549.720879,6.527870
12.800,0.000000,553.279561,6.570129
13.000,0.000000,556.894228,6.613053
13.200,0.000000,560.564877,6.656642
13.400,0.000000,564.291505,6.700895
13.600,0.000000,568.074109,6.745813
13.800,0.000000,571.912687,6.791396
14.000,0.000000,575.807236,6.837643
14.200,0.000000,579.757753,6.884555
14.400,0.000000,583.764235,6.932131
14.600,0.000000,587.826679,6.980372
14.800,0.000000,591.945081,7.029278
15.000,0.000000,596.119440,7.078848
15.200,0.000000,600.349751,7.129082
15.400,0.000000,604.636012,7.179981
15.600,0.000000,608.978220,7.231544
15.800,0.000000,613.376370,7.283772
16.000,0.000000,617.830461,7.336664
16.200,0.000000,622.340488,7.390220
16.400,0.000000,626.906448,7.444440
16.600,0.000000,631.528338,7.499324
16.800,0.000000,636.206154,7.554873
17.000,0.000000,640.939894,7.611085
17.200,0.000000,645.729553,7.667962
17.400,0.000000,650.575127,7.725503
17.600,0.000000,655.476614,7.783707
17.800,0.000000,660.434009,7.842576
18.000,0.000000,665.447309,7.902108
18.200,0.000000,670.516511,7.962304
18.400,0.000000,675.641610,8.023164
18.600,0.000000,680.822602,8.084688
18.800,0.000000,686.059484,8.146875
19.000,0.000000,691.352252,8.209726
19.200,0.000000,696.700901,8.273241
19.400,0.000000,702.105429,8.337419
19.600,0.000000,707.565830,8.402261
19.800,0.000000,713.082102,8.467766
20.000,0.000000,718.654239,8.533934
20.200,0.000000,724.282237,8.600766
20.400,0.000000,729.966093,8.668261
20.600,0.000000,735.705802,8.736419
20.800,0.000000,741.501360,8.805241
21.000,0.000000,747.352763,8.874726
21.200,0.000000,753.260005,8.944874
21.400,0.000000,759.223084,9.015684
21.600,0.000000,765.241994,9.087158
21.800,0.000000,771.316731,9.159295
22.000,0.000000,777.447291,9.232095
22.200,0.000000,783.633668,9.305557
22.400,0.000000,789.875859,9.379682
22.600,0.000000,796.173858,9.454470
22.800,0.000000,802.527661,9.529921
23.000,0.000000,808.937264,9.606034
23.200,0.000000,815.402661,9.682810
23.400,0.000000,821.923848,9.760249
23.600,0.000000,828.500820,9.838349
23.800,0.000000,835.133571,9.917112
24.000,0.000000,841.822098,9.996538
24.200,0.000000,848.566395,10.076626
24.400,0.000000,855.366457,10.157376
24.600,0.000000,862.222279,10.238788
24.800,0.000000,869.133856,10.320862
25.000,0.000000,876.101183,10.403598
25.200,0.000000,883.124254,10.486996
25.400,0.000000,890.203065,10.571056
25.600,0.000000,897.337611,10.655778
25.800,0.000000,904.527885,10.741162
26.000,0.000000,911.773883,10.827207
26.200,0.000000,919.075599,10.913914
26.400,0.000000,926.433028,11.001283
26.600,0.000000,933.846164,11.089313
26.800,0.000000,941.315002,11.178004
27.000,0.000000,948.839537,11.267357
27.200,0.000000,956.419762,11.357372
27.400,0.000000,964.055673,11.448047
27.600,0.000000,971.747263,11.539384
27.800,0.000000,979.494527,11.631382
28.000,0.000000,987.297459,11.724041
28.200,0.000000,995.156054,11.817361
28.400,0.000000,1003.070305,11.911341
28.600,0.000000,1011.040207,12.005983
28.800,0.000000,1019.065753,12.101285
29.000,0.000000,1027.146938,12.197248
29.200,0.000000,1035.283757,12.293872
29.400,0.000000,1043.476202,12.391157
29.600,0.000000,1051.724268,12.489101
29.800,0.000000,1060.027948,12.587707
30.000,0.000000,1068.387237,12.686972
30.200,0.000000,1076.802129,12.786898
30.400,0.000000,1085.272616,12.887484
30.600,0.000000,1093.798694,12.988730
30.800,0.000000,1102.380355,13.090636
31.000,0.000000,1111.017594,13.193203
31.200,0.000000,1119.710403,13.296429
31.400,0.000000,1128.458777,13.400315
31.600,0.000000,1137.262709,13.504860
31.800,0.000000,1146.122193,13.610066
32.000,0.000000,1155.037221,13.715930
32.200,0.000000,1164.007788,13.822455
32.400,0.000000,1173.033887,13.929639
32.600,0.000000,1182.115511,14.037482
32.800,0.000000,1191.252653,14.145984
33.000,0.000000,1200.445307,14.255146
33.200,0.000000,1209.693466,14.364967
33.400,0.000000,1218.997123,14.475447
33.600,0.000000,1228.356272,14.586586
33.800,0.000000,1237.770904,14.698383
34.000,0.000000,1247.241015,14.810840
34.200,0.000000,1256.766595,14.923955
34.400,0.000000,1266.347639,15.037729
34.600,0.000000,1275.984140,15.152161
34.800,0.000000,1285.676090,15.267252
35.000,0.000000,1295.423482,15.383001
35.200,0.000000,1305.226309,15.499408
35.400,0.000000,1315.084564,15.616474
35.600,0.000000,1324.998239,15.734197
35.800,0.000000,1334.967328,15.852579
36.000,0.000000,1344.991822,15.971619
36.200,0.000000,1355.071715,16.091316
36.400,0.000000,1365.206999,16.211672
36.600,0.000000,1375.397667,16.332685
36.800,0.000000,1385.643711,16.454355
37.000,0.000000,1395.945124,16.576683
37.200,0.000000,1406.301898,16.699669
37.400,0.000000,1416.714025,16.823312
37.600,0.000000,1427.181499,16.947612
37.800,0.000000,1437.704310,17.072569
38.000,0.000000,1448.282452,17.198183
38.200,0.000000,1458.915916,17.324454
38.400,0.000000,1469.604695,17.451382
38.600,0.000000,1480.348782,17.578967
38.800,0.000000,1491.148167,17.707208
39.000,0.000000,1502.002844,17.836106
39.200,0.000000,1512.912804,17.965661
39.400,0.000000,1523.878039,18.095872
39.600,0.000000,1534.898542,18.226739
39.800,0.000000,1545.974304,18.358262
40.000,0.000000,1557.105316,18.490442
40.200,0.000000,1568.291572,18.623277
40.400,0.000000,1579.533062,18.756768
40.600,0.000000,1590.829779,18.890916
40.800,0.000000,1602.181714,19.025718
41.000,0.000000,1613.588859,19.161177
41.200,0.000000,1625.051205,19.297291
41.400,0.000000,1636.568745,19.434060
41.600,0.000000,1648.141469,19.571485
41.800,0.000000,1659.769370,19.709565
42.000,0.000000,1671.452438,19.848300
42.200,0.000000,1683.190666,19.987690
42.400,0.000000,1694.984044,20.127735
42.600,0.000000,1706.832565,20.268435
42.800,0.000000,1718.736218,20.409789
43.000,0.000000,1730.694997,20.551798
43.200,0.000000,1742.708891,20.694462
43.400,0.000000,1754.777892,20.837780
43.600,0.000000,1766.901992,20.981752
43.800,0.000000,1779.081182,21.126379
44.000,0.000000,1791.315452,21.271659
44.200,0.000000,1803.604793,21.417594
44.400,0.000000,1815.949198,21.564182
44.600,0.000000,1828.348656,21.711424
44.800,0.000000,1840.803159,21.859320
45.000,0.000000,1853.312697,22.007869
45.200,0.000000,1865.877263,22.157072
45.400,0.000000,1878.496845,22.306928
45.600,0.000000,1891.171436,22.457437
45.800,0.000000,1903.901025,22.608600
46.000,0.000000,1916.685604,22.760415
46.200,0.000000,1929.525164,22.912883
46.400,0.000000,1942.419694,23.066004
46.600,0.000000,1955.369187,23.219778
46.800,0.000000,1968.373631,23.374204
47.000,0.000000,1981.433018,23.529283
47.200,0.000000,1994.547339,23.685014
47.400,0.000000,2007.716583,23.841397
47.600,0.000000,2020.940742,23.998432
47.800,0.000000,2034.219805,24.156120
48.000,0.000000,2047.553762,24.314459
48.200,0.000000,2060.942606,24.473450
48.400,0.000000,2074.386324,24.633092
48.600,0.000000,2087.884909,24.793386
48.800,0.000000,2101.438349,24.954332
49.000,0.000000,2115.046635,25.115929
49.200,0.000000,2128.709758,25.278177
49.400,0.000000,2142.427707,25.441076
49.600,0.000000,2156.200473,25.604626
49.800,0.000000,2170.028045,25.768827
50.000,0.000000,2183.910413,25.933678
50.200,0.000000,2197.847568,26.099180
50.400,0.000000,2211.839499,26.265333
50.600,0.000000,2225.886196,26.432135
50.800,0.000000,2239.987649,26.599589
51.000,0.000000,2254.143847,26.767692
51.200,0.000000,2268.354781,26.936445
51.400,0.000000,2282.620441,27.105848
51.600,0.000000,2296.940815,27.275901
51.800,0.000000,2311.315894,27.446603
52.000,0.000000,2325.745667,27.617955
52.200,0.000000,2340.230124,27.789956
52.400,0.000000,2354.769254,27.962607
52.600,0.000000,2369.363047,28.135906
52.800,0.000000,2384.011492,28.309855
53.000,0.000000,2398.714579,28.484452
53.200,0.000000,2413.472296,28.659698
53.400,0.000000,2428.284634,28.835593
53.600,0.000000,2443.151582,29.012136
53.800,0.000000,2458.073129,29.189328
54.000,0.000000,2473.049264,29.367168
54.200,0.000000,2488.079977,29.545656
54.400,0.000000,2503.165256,29.724792
54.600,0.000000,2518.305091,29.904575
54.800,0.000000,2533.499470,30.085007
55.000,0.000000,2548.748384,30.266086
55.200,0.000000,2564.051820,30.447812
55.400,0.000000,2579.409769,30.630186
55.600,0.000000,2594.822218,30.813207
55.800,0.000000,2610.289157,30.996875
56.000,0.000000,2625.810575,31.181190
56.200,0.000000,2641.386460,31.366152
56.400,0.000000,2657.016801,31.551760
56.600,0.000000,2672.701588,31.738015
56.800,0.000000,2688.440808,31.924917
57.000,0.000000,2704.234451,32.112464
57.200,0.000000,2720.082505,32.300658
57.400,0.000000,2735.984959,32.489498
57.600,0.000000,2751.941801,32.678984
57.800,0.000000,2767.953020,32.869115
58.000,0.000000,2784.018605,33.059892
58.200,0.000000,2800.138543,33.251314
58.400,0.000000,2816.312824,33.443382
58.600,0.000000,2832.541436,33.636095
58.800,0.000000,2848.824367,33.829453
59.000,0.000000,2865.161605,34.023455
59.200,0.000000,2881.553139,34.218103
59.400,0.000000,2897.998958,34.413395
59.600,0.000000,2914.499048,34.609332
59.800,0.000000,2931.053400,34.805913
60.000,0.000000,2947.661999,35.003138
