position_km,normal_altitude_km,ascending_altitude_km,descending_altitude_km,normal_radial_velocity_m_s,ascending_radial_velocity_m_s,descending_radial_velocity_m_s,normal_vhf_doppler_hz,ascending_vhf_doppler_hz,descending_vhf_doppler_hz,normal_hf_doppler_hz,ascending_hf_doppler_hz,descending_hf_doppler_hz
-60.000,400.000000,392.500000,407.500000,-592.231641,-109.967239,-1075.362657,236.892656,43.986896,430.145063,35.569468,6.604639,64.586346
-59.800,400.000000,392.525000,407.475000,-590.300599,-107.926468,-1073.533445,236.120239,43.170587,429.413378,35.453489,6.482070,64.476483
-59.600,400.000000,392.550000,407.450000,-588.369134,-105.885614,-1071.703519,235.347654,42.354246,428.681407,35.337486,6.359496,64.366578
-59.400,400.000000,392.575000,407.425000,-586.437249,-103.844679,-1069.872879,234.574900,41.537871,427.949152,35.221456,6.236918,64.256629
-59.200,400.000000,392.600000,407.400000,-584.504945,-101.803663,-1068.041527,233.801978,40.721465,427.216611,35.105402,6.114334,64.146638
-59.000,400.000000,392.625000,407.375000,-582.572222,-99.762569,-1066.209464,233.028889,39.905028,426.483785,34.989323,5.991746,64.036604
-58.800,400.000000,392.650000,407.350000,-580.639082,-97.721399,-1064.376689,232.255633,39.088560,425.750676,34.873218,5.869153,63.926528
-58.600,400.000000,392.675000,407.325000,-578.705527,-95.680153,-1062.543206,231.482211,38.272061,425.017282,34.757089,5.746556,63.816409
-58.400,400.000000,392.700000,407.300000,-576.771557,-93.638834,-1060.709013,230.708623,37.455533,424.283605,34.640934,5.623954,63.706247
-58.200,400.000000,392.725000,407.275000,-574.837174,-91.597442,-1058.874112,229.934870,36.638977,423.549645,34.524755,5.501348,63.596043
-58.000,400.000000,392.750000,407.250000,-572.902380,-89.555980,-1057.038504,229.160952,35.822392,422.815401,34.408551,5.378738,63.485796
-57.800,400.000000,392.775000,407.225000,-570.967174,-87.514449,-1055.202189,228.386870,35.005780,422.080876,34.292323,5.256123,63.375507
-57.600,400.000000,392.800000,407.200000,-569.031559,-85.472851,-1053.365169,227.612624,34.189140,421.346068,34.176070,5.133505,63.265175
-57.400,400.000000,392.825000,407.175000,-567.095536,-83.431187,-1051.527444,226.838215,33.372475,420.610978,34.059792,5.010882,63.154801
-57.200,400.000000,392.850000,407.150000,-565.159107,-81.389459,-1049.689016,226.063643,32.555783,419.875606,33.943490,4.888256,63.044385
-57.000,400.000000,392.875000,407.125000,-563.222271,-79.347668,-1047.849885,225.288909,31.739067,419.139954,33.827163,4.765626,62.933927
-56.800,400.000000,392.900000,407.100000,-561.285032,-77.305815,-1046.010051,224.514013,30.922326,418.404021,33.710813,4.642992,62.823427
-56.600,400.000000,392.925000,407.075000,-559.347389,-75.263904,-1044.169517,223.738956,30.105562,417.667807,33.594438,4.520355,62.712884
-56.400,400.000000,392.950000,407.050000,-557.409345,-73.221934,-1042.328282,222.963738,29.288774,416.931313,33.478039,4.397714,62.602299
-56.200,400.000000,392.975000,407.025000,-555.470901,-71.179908,-1040.486348,222.188360,28.471963,416.194539,33.361616,4.275070,62.491673
-56.000,400.000000,393.000000,407.000000,-553.532057,-69.137827,-1038.643716,221.412823,27.655131,415.457486,33.245169,4.152422,62.381004
-55.800,400.000000,393.025000,406.975000,-551.592815,-67.095693,-1036.800386,220.637126,26.838277,414.720154,33.128698,4.029771,62.270293
-55.600,400.000000,393.050000,406.950000,-549.653177,-65.053508,-1034.956359,219.861271,26.021403,413.982544,33.012203,3.907118,62.159541
-55.400,400.000000,393.075000,406.925000,-547.713144,-63.011272,-1033.111636,219.085258,25.204509,413.244655,32.895684,3.784461,62.048747
-55.200,400.000000,393.100000,406.900000,-545.772717,-60.968988,-1031.266219,218.309087,24.387595,412.506487,32.779142,3.661801,61.937911
-55.000,400.000000,393.125000,406.875000,-543.831897,-58.926656,-1029.420107,217.532759,23.570663,411.768043,32.662576,3.539139,61.827033
-54.800,400.000000,393.150000,406.850000,-541.890685,-56.884280,-1027.573302,216.756274,22.753712,411.029321,32.545987,3.416473,61.716114
-54.600,400.000000,393.175000,406.825000,-539.949083,-54.841859,-1025.725805,215.979633,21.936744,410.290322,32.429374,3.293805,61.605153
-54.400,400.000000,393.200000,406.800000,-538.007093,-52.799396,-1023.877617,215.202837,21.119759,409.551047,32.312738,3.171135,61.494151
-54.200,400.000000,393.225000,406.775000,-536.064715,-50.756893,-1022.028738,214.425886,20.302757,408.811495,32.196079,3.048462,61.383107
-54.000,400.000000,393.250000,406.750000,-534.121951,-48.714351,-1020.179170,213.648780,19.485740,408.071668,32.079396,2.925787,61.272022
-53.800,400.000000,393.275000,406.725000,-532.178802,-46.671771,-1018.328912,212.871521,18.668708,407.331565,31.962691,2.803109,61.160896
-53.600,400.000000,393.300000,406.700000,-530.235269,-44.629155,-1016.477968,212.094108,17.851662,406.591187,31.845962,2.680430,61.049728
-53.400,400.000000,393.325000,406.675000,-528.291354,-42.586504,-1014.626336,211.316542,17.034602,405.850534,31.729210,2.557748,60.938519
-53.200,400.000000,393.350000,406.650000,-526.347058,-40.543821,-1012.774019,210.538823,16.217528,405.109607,31.612436,2.435064,60.827268
-53.000,400.000000,393.375000,406.625000,-524.402382,-38.501107,-1010.921016,209.760953,15.400443,404.368406,31.495639,2.312379,60.715977
-52.800,400.000000,393.400000,406.600000,-522.457328,-36.458362,-1009.067330,208.982931,14.583345,403.626932,31.378818,2.189691,60.604644
-52.600,400.000000,393.425000,406.575000,-520.511897,-34.415590,-1007.212960,208.204759,13.766236,402.885184,31.261976,2.067002,60.493271
-52.400,400.000000,393.450000,406.550000,-518.566089,-32.372792,-1005.357908,207.426436,12.949117,402.143163,31.145110,1.944312,60.381856
-52.200,400.000000,393.475000,406.525000,-516.619908,-30.329968,-1003.502175,206.647963,12.131987,401.400870,31.028223,1.821620,60.270401
-52.000,400.000000,393.500000,406.500000,-514.673353,-28.287121,-1001.645761,205.869341,11.314848,400.658304,30.911312,1.698926,60.158905
-51.800,400.000000,393.525000,406.475000,-512.726426,-26.244252,-999.788668,205.090571,10.497701,399.915467,30.794380,1.576231,60.047367
-51.600,400.000000,393.550000,406.450000,-510.779129,-24.201363,-997.930896,204.311652,9.680545,399.172358,30.677425,1.453535,59.935790
-51.400,400.000000,393.575000,406.425000,-508.831463,-22.158456,-996.072447,203.532585,8.863382,398.428979,30.560448,1.330838,59.824171
-51.200,400.000000,393.600000,406.400000,-506.883428,-20.115531,-994.213321,202.753371,8.046212,397.685328,30.443449,1.208140,59.712512
-51.000,400.000000,393.625000,406.375000,-504.935027,-18.072591,-992.353519,201.974011,7.229036,396.941408,30.326428,1.085441,59.600812
-50.800,400.000000,393.650000,406.350000,-502.986261,-16.029637,-990.493042,201.194504,6.411855,396.197217,30.209385,0.962741,59.489072
-50.600,400.000000,393.675000,406.325000,-501.037130,-13.986670,-988.631892,200.414852,5.594668,395.452757,30.092320,0.840040,59.377291
-50.400,400.000000,393.700000,406.300000,-499.087637,-11.943693,-986.770069,199.635055,4.777477,394.708028,29.975233,0.717339,59.265470
-50.200,400.000000,393.725000,406.275000,-497.137783,-9.900706,-984.907574,198.855113,3.960283,393.963029,29.858125,0.594637,59.153608
-50.000,400.000000,393.750000,406.250000,-495.187568,-7.857712,-983.044407,198.075027,3.143085,393.217763,29.740995,0.471935,59.041706
-49.800,400.000000,393.775000,406.225000,-493.236995,-5.814712,-981.180571,197.294798,2.325885,392.472228,29.623844,0.349232,58.929764
-49.600,400.000000,393.800000,406.200000,-491.286065,-3.771707,-979.316065,196.514426,1.508683,391.726426,29.506671,0.226529,58.817782
-49.400,400.000000,393.825000,406.175000,-489.334778,-1.728700,-977.450892,195.733911,0.691480,390.980357,29.389476,0.103826,58.705759
-49.200,400.000000,393.850000,406.150000,-487.383137,0.314309,-975.585051,194.953255,-0.125724,390.234020,29.272260,-0.018877,58.593697
-49.000,400.000000,393.875000,406.125000,-485.431143,2.357318,-973.718544,194.172457,-0.942927,389.487417,29.155024,-0.141581,58.481594
-48.800,400.000000,393.900000,406.100000,-483.478796,4.400325,-971.851371,193.391518,-1.760130,388.740548,29.037766,-0.264284,58.369452
-48.600,400.000000,393.925000,406.075000,-481.526099,6.443328,-969.983534,192.610439,-2.577331,387.993414,28.920486,-0.386987,58.257269
-48.400,400.000000,393.950000,406.050000,-479.573052,8.486326,-968.115034,191.829221,-3.394531,387.246014,28.803186,-0.509689,58.145047
-48.200,400.000000,393.975000,406.025000,-477.619657,10.529318,-966.245871,191.047863,-4.211727,386.498349,28.685865,-0.632391,58.032785
-48.000,400.000000,394.000000,406.000000,-475.665916,12.572302,-964.376047,190.266366,-5.028921,385.750419,28.568523,-0.755093,57.920483
-47.800,400.000000,394.025000,405.975000,-473.711829,14.615276,-962.505563,189.484732,-5.846111,385.002225,28.451161,-0.877794,57.808142
-47.600,400.000000,394.050000,405.950000,-471.757398,16.658239,-960.634419,188.702959,-6.663296,384.253767,28.333778,-1.000495,57.695761
-47.400,400.000000,394.075000,405.925000,-469.802624,18.701189,-958.762616,187.921050,-7.480476,383.505046,28.216374,-1.123195,57.583340
-47.200,400.000000,394.100000,405.900000,-467.847509,20.744125,-956.890156,187.139004,-8.297650,382.756062,28.098950,-1.245893,57.470880
-47.000,400.000000,394.125000,405.875000,-465.892054,22.787044,-955.017039,186.356822,-9.114818,382.006816,27.981505,-1.368591,57.358381
-46.800,400.000000,394.150000,405.850000,-463.936260,24.829947,-953.143266,185.574504,-9.931979,381.257307,27.864040,-1.491288,57.245842
-46.600,400.000000,394.175000,405.825000,-461.980129,26.872830,-951.268839,184.792052,-10.749132,380.507536,27.746554,-1.613984,57.133264
-46.400,400.000000,394.200000,405.800000,-460.023662,28.915692,-949.393759,184.009465,-11.566277,379.757503,27.629049,-1.736678,57.020646
-46.200,400.000000,394.225000,405.775000,-458.066861,30.958532,-947.518025,183.226744,-12.383413,379.007210,27.511523,-1.859371,56.907990
-46.000,400.000000,394.250000,405.750000,-456.109726,33.001348,-945.641640,182.443890,-13.200539,378.256656,27.393978,-1.982063,56.795294
-45.800,400.000000,394.275000,405.725000,-454.152259,35.044139,-943.764605,181.660904,-14.017655,377.505842,27.276412,-2.104753,56.682559
-45.600,400.000000,394.300000,405.700000,-452.194461,37.086902,-941.886919,180.877784,-14.834761,376.754768,27.158827,-2.227442,56.569785
-45.400,400.000000,394.325000,405.675000,-450.236334,39.129637,-940.008585,180.094534,-15.651855,376.003434,27.041221,-2.350128,56.456972
-45.200,400.000000,394.350000,405.650000,-448.277880,41.172342,-938.129603,179.311152,-16.468937,375.251841,26.923596,-2.472813,56.344120
-45.000,400.000000,394.375000,405.625000,-446.319099,43.215016,-936.249975,178.527639,-17.286006,374.499990,26.805952,-2.595496,56.231230
-44.800,400.000000,394.400000,405.600000,-444.359992,45.257655,-934.369700,177.743997,-18.103062,373.747880,26.688288,-2.718178,56.118300
-44.600,400.000000,394.425000,405.575000,-442.400562,47.300261,-932.488782,176.960225,-18.920104,372.995513,26.570604,-2.840856,56.005332
-44.400,400.000000,394.450000,405.550000,-440.440809,49.342829,-930.607219,176.176324,-19.737132,372.242888,26.452901,-2.963533,55.892325
-44.200,400.000000,394.475000,405.525000,-438.480735,51.385360,-928.725014,175.392294,-20.554144,371.490005,26.335179,-3.086208,55.779280
-44.000,400.000000,394.500000,405.500000,-436.520342,53.427851,-926.842167,174.608137,-21.371140,370.736867,26.217438,-3.208880,55.666196
-43.800,400.000000,394.525000,405.475000,-434.559630,55.470301,-924.958679,173.823852,-22.188120,369.983472,26.099677,-3.331550,55.553074
-43.600,400.000000,394.550000,405.450000,-432.598601,57.512708,-923.074551,173.039440,-23.005083,369.229821,25.981898,-3.454217,55.439913
-43.400,400.000000,394.575000,405.425000,-430.637256,59.555071,-921.189785,172.254903,-23.822028,368.475914,25.864099,-3.576881,55.326714
-43.200,400.000000,394.600000,405.400000,-428.675597,61.597388,-919.304382,171.470239,-24.638955,367.721753,25.746282,-3.699543,55.213476
-43.000,400.000000,394.625000,405.375000,-426.713625,63.639657,-917.418342,170.685450,-25.455863,366.967337,25.628446,-3.822202,55.100201
-42.800,400.000000,394.650000,405.350000,-424.751342,65.681878,-915.531666,169.900537,-26.272751,366.212666,25.510591,-3.944858,54.986887
-42.600,400.000000,394.675000,405.325000,-422.788748,67.724048,-913.644355,169.115499,-27.089619,365.457742,25.392718,-4.067510,54.873535
-42.400,400.000000,394.700000,405.300000,-420.825846,69.766166,-911.756411,168.330338,-27.906466,364.702564,25.274826,-4.190160,54.760145
-42.200,400.000000,394.725000,405.275000,-418.862636,71.808230,-909.867835,167.545054,-28.723292,363.947134,25.156915,-4.312807,54.646717
-42.000,400.000000,394.750000,405.250000,-416.899120,73.850239,-907.978627,166.759648,-29.540095,363.191451,25.038986,-4.435450,54.533251
-41.800,400.000000,394.775000,405.225000,-414.935299,75.892191,-906.088788,165.974120,-30.356876,362.435515,24.921039,-4.558090,54.419747
-41.600,400.000000,394.800000,405.200000,-412.971175,77.934084,-904.198320,165.188470,-31.173634,361.679328,24.803074,-4.680726,54.306205
-41.400,400.000000,394.825000,405.175000,-411.006748,79.975917,-902.307224,164.402699,-31.990367,360.922890,24.685090,-4.803358,54.192626
-41.200,400.000000,394.850000,405.150000,-409.042022,82.017689,-900.415500,163.616809,-32.807076,360.166200,24.567088,-4.925987,54.079009
-41.000,400.000000,394.875000,405.125000,-407.076996,84.059398,-898.523150,162.830798,-33.623759,359.409260,24.449069,-5.048613,53.965354
-40.800,400.000000,394.900000,405.100000,-405.111672,86.101042,-896.630175,162.044669,-34.440417,358.652070,24.331031,-5.171234,53.851662
-40.600,400.000000,394.925000,405.075000,-403.146051,88.142620,-894.736576,161.258421,-35.257048,357.894630,24.212976,-5.293851,53.737932
-40.400,400.000000,394.950000,405.050000,-401.180136,90.184130,-892.842353,160.472054,-36.073652,357.136941,24.094903,-5.416464,53.624165
-40.200,400.000000,394.975000,405.025000,-399.213927,92.225570,-890.947508,159.685571,-36.890228,356.379003,23.976812,-5.539073,53.510361
-40.000,400.000000,395.000000,405.000000,-397.247425,94.266940,-889.052042,158.898970,-37.706776,355.620817,23.858704,-5.661678,53.396519
-39.800,400.000000,395.025000,404.975000,-395.280633,96.308237,-887.155956,158.112253,-38.523295,354.862383,23.740579,-5.784278,53.282640
-39.600,400.000000,395.050000,404.950000,-393.313551,98.349459,-885.259251,157.325420,-39.339784,354.103701,23.622435,-5.906874,53.168724
-39.400,400.000000,395.075000,404.925000,-391.346181,100.390607,-883.361928,156.538472,-40.156243,353.344771,23.504275,-6.029466,53.054770
-39.200,400.000000,395.100000,404.900000,-389.378524,102.431676,-881.463989,155.751410,-40.972671,352.585595,23.386098,-6.152053,52.940780
-39.000,400.000000,395.125000,404.875000,-387.410582,104.472667,-879.565433,154.964233,-41.789067,351.826173,23.267903,-6.274635,52.826753
-38.800,400.000000,395.150000,404.850000,-385.442355,106.513578,-877.666263,154.176942,-42.605431,351.066505,23.149691,-6.397212,52.712688
-38.600,400.000000,395.175000,404.825000,-383.473846,108.554407,-875.766479,153.389538,-43.421763,350.306591,23.031462,-6.519784,52.598587
-38.400,400.000000,395.200000,404.800000,-381.505056,110.595152,-873.866082,152.602022,-44.238061,349.546433,22.913217,-6.642351,52.484449
-38.200,400.000000,395.225000,404.775000,-379.535986,112.635812,-871.965074,151.814394,-45.054325,348.786029,22.794954,-6.764914,52.370275
-38.000,400.000000,395.250000,404.750000,-377.566637,114.676385,-870.063455,151.026655,-45.870554,348.025382,22.676675,-6.887471,52.256063
-37.800,400.000000,395.275000,404.725000,-375.597011,116.716870,-868.161227,150.238805,-46.686748,347.264491,22.558379,-7.010022,52.141815
-37.600,400.000000,395.300000,404.700000,-373.627110,118.757266,-866.258390,149.450844,-47.502906,346.503356,22.440067,-7.132569,52.027531
-37.400,400.000000,395.325000,404.675000,-371.656934,120.797570,-864.354946,148.662774,-48.319028,345.741978,22.321738,-7.255109,51.913210
-37.200,400.000000,395.350000,404.650000,-369.686486,122.837781,-862.450896,147.874594,-49.135112,344.980358,22.203393,-7.377644,51.798853
-37.000,400.000000,395.375000,404.625000,-367.715766,124.877897,-860.546241,147.086306,-49.951159,344.218496,22.085031,-7.500174,51.684459
-36.800,400.000000,395.400000,404.600000,-365.744776,126.917918,-858.640982,146.297910,-50.767167,343.456393,21.966653,-7.622698,51.570029
-36.600,400.000000,395.425000,404.575000,-363.773517,128.957841,-856.735120,145.509407,-51.583136,342.694048,21.848259,-7.745216,51.455563
-36.400,400.000000,395.450000,404.550000,-361.801991,130.997665,-854.828655,144.720796,-52.399066,341.931462,21.729849,-7.867728,51.341060
-36.200,400.000000,395.475000,404.525000,-359.830199,133.037388,-852.921591,143.932080,-53.214955,341.168636,21.611423,-7.990233,51.226522
-36.000,400.000000,395.500000,404.500000,-357.858143,135.077009,-851.013926,143.143257,-54.030803,340.405570,21.492982,-8.112733,51.111948
-35.800,400.000000,395.525000,404.475000,-355.885823,137.116525,-849.105663,142.354329,-54.846610,339.642265,21.374524,-8.235227,50.997337
-35.600,400.000000,395.550000,404.450000,-353.913242,139.155937,-847.196802,141.565297,-55.662375,338.878721,21.256051,-8.357714,50.882691
-35.400,400.000000,395.575000,404.425000,-351.940400,141.195242,-845.287345,140.776160,-56.478097,338.114938,21.137562,-8.480195,50.768009
-35.200,400.000000,395.600000,404.400000,-349.967300,143.234438,-843.377293,139.986920,-57.293775,337.350917,21.019057,-8.602669,50.653291
-35.000,400.000000,395.625000,404.375000,-347.993942,145.273523,-841.466646,139.197577,-58.109409,336.586658,20.900537,-8.725137,50.538537
-34.800,400.000000,395.650000,404.350000,-346.020328,147.312498,-839.555406,138.408131,-58.924999,335.822162,20.782002,-8.847597,50.423748
-34.600,400.000000,395.675000,404.325000,-344.046460,149.351359,-837.643574,137.618584,-59.740544,335.057430,20.663451,-8.970052,50.308923
-34.400,400.000000,395.700000,404.300000,-342.072338,151.390105,-835.731152,136.828935,-60.556042,334.292461,20.544885,-9.092499,50.194063
-34.200,400.000000,395.725000,404.275000,-340.097964,153.428735,-833.818139,136.039186,-61.371494,333.527256,20.426304,-9.214939,50.079168
-34.000,400.000000,395.750000,404.250000,-338.123340,155.467247,-831.904538,135.249336,-62.186899,332.761815,20.307708,-9.337372,49.964237
-33.800,400.000000,395.775000,404.225000,-336.148467,157.505640,-829.990349,134.459387,-63.002256,331.996140,20.189097,-9.459798,49.849270
-33.600,400.000000,395.800000,404.200000,-334.173347,159.543911,-828.075574,133.669339,-63.817565,331.230229,20.070471,-9.582217,49.734269
-33.400,400.000000,395.825000,404.175000,-332.197980,161.582060,-826.160213,132.879192,-64.632824,330.464085,19.951831,-9.704628,49.619232
-33.200,400.000000,395.850000,404.150000,-330.222368,163.620085,-824.244268,132.088947,-65.448034,329.697707,19.833175,-9.827032,49.504160
-33.000,400.000000,395.875000,404.125000,-328.246513,165.657985,-822.327740,131.298605,-66.263194,328.931096,19.714505,-9.949429,49.389053
-32.800,400.000000,395.900000,404.100000,-326.270416,167.695757,-820.410630,130.508167,-67.078303,328.164252,19.595821,-10.071817,49.273912
-32.600,400.000000,395.925000,404.075000,-324.294079,169.733400,-818.492939,129.717632,-67.893360,327.397175,19.477122,-10.194198,49.158735
-32.400,400.000000,395.950000,404.050000,-322.317502,171.770913,-816.574668,128.927001,-68.708365,326.629867,19.358409,-10.316571,49.043524
-32.200,400.000000,395.975000,404.025000,-320.340688,173.808294,-814.655819,128.136275,-69.523318,325.862327,19.239681,-10.438937,48.928277
-32.000,400.000000,396.000000,404.000000,-318.363638,175.845542,-812.736392,127.345455,-70.338217,325.094557,19.120939,-10.561294,48.812996
-31.800,400.000000,396.025000,403.975000,-316.386352,177.882655,-810.816388,126.554541,-71.153062,324.326555,19.002183,-10.683643,48.697681
-31.600,400.000000,396.050000,403.950000,-314.408834,179.919631,-808.895810,125.763534,-71.967852,323.558324,18.883413,-10.805984,48.582331
-31.400,400.000000,396.075000,403.925000,-312.431083,181.956469,-806.974657,124.972433,-72.782588,322.789863,18.764630,-10.928316,48.466946
-31.200,400.000000,396.100000,403.900000,-310.453102,183.993167,-805.052931,124.181241,-73.597267,322.021173,18.645832,-11.050641,48.351527
-31.000,400.000000,396.125000,403.875000,-308.474891,186.029725,-803.130634,123.389957,-74.411890,321.252254,18.527021,-11.172956,48.236074
-30.800,400.000000,396.150000,403.850000,-306.496453,188.066139,-801.207766,122.598581,-75.226456,320.483106,18.408195,-11.295264,48.120587
-30.600,400.000000,396.175000,403.825000,-304.517789,190.102409,-799.284328,121.807116,-76.040964,319.713731,18.289357,-11.417562,48.005065
-30.400,400.000000,396.200000,403.800000,-302.538900,192.138534,-797.360321,121.015560,-76.855413,318.944129,18.170504,-11.539852,47.889509
-30.200,400.000000,396.225000,403.775000,-300.559787,194.174511,-795.435748,120.223915,-77.669804,318.174299,18.051639,-11.662133,47.773919
-30.000,400.000000,396.250000,403.750000,-298.580452,196.210339,-793.510608,119.432181,-78.484135,317.404243,17.932760,-11.784405,47.658295
-29.800,400.000000,396.275000,403.725000,-296.600897,198.246016,-791.584904,118.640359,-79.298407,316.633961,17.813868,-11.906668,47.542637
-29.600,400.000000,396.300000,403.700000,-294.621122,200.281542,-789.658635,117.848449,-80.112617,315.863454,17.694962,-12.028921,47.426945
-29.400,400.000000,396.325000,403.675000,-292.641130,202.316914,-787.731804,117.056452,-80.926766,315.092722,17.576044,-12.151166,47.311219
-29.200,400.000000,396.350000,403.650000,-290.660921,204.352131,-785.804411,116.264369,-81.740852,314.321765,17.457112,-12.273401,47.195460
-29.000,400.000000,396.375000,403.625000,-288.680498,206.387191,-783.876458,115.472199,-82.554876,313.550583,17.338168,-12.395627,47.079667
-28.800,400.000000,396.400000,403.600000,-286.699861,208.422093,-781.947946,114.679945,-83.368837,312.779178,17.219211,-12.517843,46.963841
-28.600,400.000000,396.425000,403.575000,-284.719012,210.456835,-780.018876,113.887605,-84.182734,312.007550,17.100241,-12.640050,46.847981
-28.400,400.000000,396.450000,403.550000,-282.737953,212.491416,-778.089249,113.095181,-84.996567,311.235699,16.981258,-12.762247,46.732087
-28.200,400.000000,396.475000,403.525000,-280.756685,214.525834,-776.159066,112.302674,-85.810334,310.463626,16.862263,-12.884435,46.616160
-28.000,400.000000,396.500000,403.500000,-278.775208,216.560088,-774.228328,111.510083,-86.624035,309.691331,16.743256,-13.006612,46.500200
-27.800,400.000000,396.525000,403.475000,-276.793526,218.594176,-772.297037,110.717410,-87.437670,308.918815,16.624236,-13.128779,46.384206
-27.600,400.000000,396.550000,403.450000,-274.811639,220.628097,-770.365194,109.924656,-88.251239,308.146078,16.505204,-13.250937,46.268180
-27.400,400.000000,396.575000,403.425000,-272.829548,222.661848,-768.432800,109.131819,-89.064739,307.373120,16.386159,-13.373084,46.152120
-27.200,400.000000,396.600000,403.400000,-270.847256,224.695429,-766.499856,108.338902,-89.878172,306.599943,16.267102,-13.495221,46.036027
-27.000,400.000000,396.625000,403.375000,-268.864763,226.728838,-764.566364,107.545905,-90.691535,305.826545,16.148034,-13.617348,45.919902
-26.800,400.000000,396.650000,403.350000,-266.882071,228.762073,-762.632323,106.752828,-91.504829,305.052929,16.028953,-13.739464,45.803743
-26.600,400.000000,396.675000,403.325000,-264.899181,230.795133,-760.697737,105.959672,-92.318053,304.279095,15.909861,-13.861570,45.687552
-26.400,400.000000,396.700000,403.300000,-262.916095,232.828017,-758.762605,105.166438,-93.131207,303.505042,15.790756,-13.983665,45.571328
-26.200,400.000000,396.725000,403.275000,-260.932814,234.860722,-756.826929,104.373126,-93.944289,302.730772,15.671641,-14.105749,45.455071
-26.000,400.000000,396.750000,403.250000,-258.949341,236.893247,-754.890711,103.579736,-94.757299,301.956284,15.552513,-14.227823,45.338781
-25.800,400.000000,396.775000,403.225000,-256.965675,238.925591,-752.953951,102.786270,-95.570237,301.181580,15.433374,-14.349885,45.222460
-25.600,400.000000,396.800000,403.200000,-254.981819,240.957753,-751.016650,101.992727,-96.383101,300.406660,15.314223,-14.471937,45.106105
-25.400,400.000000,396.825000,403.175000,-252.997774,242.989730,-749.078811,101.199109,-97.195892,299.631524,15.195061,-14.593978,44.989718
-25.200,400.000000,396.850000,403.150000,-251.013541,245.021521,-747.140433,100.405416,-98.008608,298.856173,15.075888,-14.716007,44.873299
-25.000,400.000000,396.875000,403.125000,-249.029123,247.053125,-745.201518,99.611649,-98.821250,298.080607,14.956704,-14.838025,44.756848
-24.800,400.000000,396.900000,403.100000,-247.044519,249.084539,-743.262068,98.817808,-99.633816,297.304827,14.837509,-14.960032,44.640364
-24.600,400.000000,396.925000,403.075000,-245.059733,251.115764,-741.322083,98.023893,-100.446305,296.528833,14.718302,-15.082028,44.523849
-24.400,400.000000,396.950000,403.050000,-243.074765,253.146796,-739.381565,97.229906,-101.258718,295.752626,14.599085,-15.204012,44.407301
-24.200,400.000000,396.975000,403.025000,-241.089617,255.177635,-737.440515,96.435847,-102.071054,294.976206,14.479857,-15.325984,44.290722
-24.000,400.000000,397.000000,403.000000,-239.104289,257.208278,-735.498934,95.641716,-102.883311,294.199574,14.360618,-15.447945,44.174110
-23.800,400.000000,397.025000,402.975000,-237.118785,259.238726,-733.556824,94.847514,-103.695490,293.422729,14.241368,-15.569893,44.057467
-23.600,400.000000,397.050000,402.950000,-235.133105,261.268975,-731.614185,94.053242,-104.507590,292.645674,14.122108,-15.691830,43.940792
-23.400,400.000000,397.075000,402.925000,-233.147250,263.299024,-729.671019,93.258900,-105.319610,291.868407,14.002838,-15.813755,43.824085
-23.200,400.000000,397.100000,402.900000,-231.161222,265.328872,-727.727326,92.464489,-106.131549,291.090931,13.883557,-15.935668,43.707347
-23.000,400.000000,397.125000,402.875000,-229.175022,267.358518,-725.783109,91.670009,-106.943407,290.313244,13.764266,-16.057569,43.590577
-22.800,400.000000,397.150000,402.850000,-227.188653,269.387959,-723.838369,90.875461,-107.755184,289.535347,13.644964,-16.179457,43.473776
-22.600,400.000000,397.175000,402.825000,-225.202115,271.417195,-721.893106,90.080846,-108.566878,288.757242,13.525653,-16.301333,43.356943
-22.400,400.000000,397.200000,402.800000,-223.215410,273.446223,-719.947322,89.286164,-109.378489,287.978929,13.406331,-16.423197,43.240079
-22.200,400.000000,397.225000,402.775000,-221.228539,275.475043,-718.001018,88.491415,-110.190017,287.200407,13.286999,-16.545048,43.123184
-22.000,400.000000,397.250000,402.750000,-219.241503,277.503652,-716.054195,87.696601,-111.001461,286.421678,13.167658,-16.666886,43.006258
-21.800,400.000000,397.275000,402.725000,-217.254305,279.532049,-714.106854,86.901722,-111.812820,285.642742,13.048307,-16.788712,42.889301
-21.600,400.000000,397.300000,402.700000,-215.266946,281.560233,-712.158998,86.106778,-112.624093,284.863599,12.928946,-16.910525,42.772312
-21.400,400.000000,397.325000,402.675000,-213.279426,283.588203,-710.210626,85.311771,-113.435281,284.084251,12.809575,-17.032324,42.655293
-21.200,400.000000,397.350000,402.650000,-211.291749,285.615956,-708.261741,84.516699,-114.246382,283.304696,12.690195,-17.154111,42.538243
-21.000,400.000000,397.375000,402.625000,-209.303914,287.643491,-706.312343,83.721566,-115.057396,282.524937,12.570806,-17.275885,42.421162
-20.800,400.000000,397.400000,402.600000,-207.315924,289.670806,-704.362433,82.926369,-115.868323,281.744973,12.451407,-17.397646,42.304050
-20.600,400.000000,397.425000,402.575000,-205.327779,291.697901,-702.412014,82.131112,-116.679160,280.964806,12.331999,-17.519393,42.186908
-20.400,400.000000,397.450000,402.550000,-203.339482,293.724773,-700.461086,81.335793,-117.489909,280.184434,12.212582,-17.641128,42.069735
-20.200,400.000000,397.475000,402.525000,-201.351034,295.751422,-698.509650,80.540414,-118.300569,279.403860,12.093155,-17.762848,41.952532
-20.000,400.000000,397.500000,402.500000,-199.362437,297.777845,-696.557707,79.744975,-119.111138,278.623083,11.973720,-17.884555,41.835298
-19.800,400.000000,397.525000,402.475000,-197.373691,299.804041,-694.605260,78.949476,-119.921616,277.842104,11.854276,-18.006249,41.718034
-19.600,400.000000,397.550000,402.450000,-195.384798,301.830008,-692.652308,78.153919,-120.732003,277.060923,11.734823,-18.127928,41.600739
-19.400,400.000000,397.575000,402.425000,-193.395760,303.855746,-690.698854,77.358304,-121.542298,276.279542,11.615361,-18.249594,41.483415
-19.200,400.000000,397.600000,402.400000,-191.406579,305.881252,-688.744898,76.562631,-122.352501,275.497959,11.495891,-18.371246,41.366060
-19.000,400.000000,397.625000,402.375000,-189.417254,307.906525,-686.790442,75.766902,-123.162610,274.716177,11.376412,-18.492884,41.248675
-18.800,400.000000,397.650000,402.350000,-187.427790,309.931563,-684.835488,74.971116,-123.972625,273.934195,11.256924,-18.614508,41.131261
-18.600,400.000000,397.675000,402.325000,-185.438185,311.956366,-682.880035,74.175274,-124.782546,273.152014,11.137429,-18.736118,41.013816
-18.400,400.000000,397.700000,402.300000,-183.448443,313.980931,-680.924086,73.379377,-125.592372,272.369635,11.017925,-18.857714,40.896342
-18.200,400.000000,397.725000,402.275000,-181.458564,316.005257,-678.967642,72.583426,-126.402103,271.587057,10.898412,-18.979295,40.778837
-18.000,400.000000,397.750000,402.250000,-179.468550,318.029342,-677.010704,71.787420,-127.211737,270.804282,10.778892,-19.100861,40.661304
-17.800,400.000000,397.775000,402.225000,-177.478403,320.053186,-675.053274,70.991361,-128.021274,270.021309,10.659364,-19.222414,40.543740
-17.600,400.000000,397.800000,402.200000,-175.488124,322.076786,-673.095352,70.195250,-128.830714,269.238141,10.539827,-19.343951,40.426147
-17.400,400.000000,397.825000,402.175000,-173.497714,324.100140,-671.136939,69.399086,-129.640056,268.454776,10.420283,-19.465474,40.308525
-17.200,400.000000,397.850000,402.150000,-171.507175,326.123249,-669.178038,68.602870,-130.449300,267.671215,10.300731,-19.586982,40.190873
-17.000,400.000000,397.875000,402.125000,-169.516508,328.146109,-667.218650,67.806603,-131.258444,266.887460,10.181172,-19.708475,40.073192
-16.800,400.000000,397.900000,402.100000,-167.525715,330.168720,-665.258775,67.010286,-132.067488,266.103510,10.061605,-19.829953,39.955482
-16.600,400.000000,397.925000,402.075000,-165.534797,332.191080,-663.298414,66.213919,-132.876432,265.319366,9.942030,-19.951416,39.837743
-16.400,400.000000,397.950000,402.050000,-163.543756,334.213187,-661.337570,65.417503,-133.685275,264.535028,9.822448,-20.072864,39.719974
-16.200,400.000000,397.975000,402.025000,-161.552594,336.235041,-659.376244,64.621038,-134.494016,263.750498,9.702858,-20.194297,39.602177
-16.000,400.000000,398.000000,402.000000,-159.561311,338.256638,-657.414436,63.824524,-135.302655,262.965774,9.583262,-20.315714,39.484351
-15.800,400.000000,398.025000,401.975000,-157.569909,340.277979,-655.452148,63.027964,-136.111192,262.180859,9.463658,-20.437116,39.366495
-15.600,400.000000,398.050000,401.950000,-155.578390,342.299062,-653.489382,62.231356,-136.919625,261.395753,9.344047,-20.558502,39.248612
-15.400,400.000000,398.075000,401.925000,-153.586755,344.319884,-651.526138,61.434702,-137.727954,260.610455,9.224430,-20.679873,39.130699
-15.200,400.000000,398.100000,401.900000,-151.595005,346.340445,-649.562418,60.638002,-138.536178,259.824967,9.104805,-20.801228,39.012758
-15.000,400.000000,398.125000,401.875000,-149.603143,348.360743,-647.598223,59.841257,-139.344297,259.039289,8.985174,-20.922567,38.894788
-14.800,400.000000,398.150000,401.850000,-147.611169,350.380776,-645.633555,59.044468,-140.152311,258.253422,8.865536,-21.043890,38.776790
-14.600,400.000000,398.175000,401.825000,-145.619085,352.400544,-643.668414,58.247634,-140.960218,257.467366,8.745891,-21.165198,38.658764
-14.400,400.000000,398.200000,401.800000,-143.626893,354.420044,-641.702802,57.450757,-141.768018,256.681121,8.626240,-21.286489,38.540709
-14.200,400.000000,398.225000,401.775000,-141.634594,356.439276,-639.736720,56.653838,-142.575710,255.894688,8.506582,-21.407764,38.422626
-14.000,400.000000,398.250000,401.750000,-139.642189,358.458236,-637.770170,55.856876,-143.383295,255.108068,8.386918,-21.529023,38.304515
-13.800,400.000000,398.275000,401.725000,-137.649680,360.476925,-635.803153,55.059872,-144.190770,254.321261,8.267248,-21.650266,38.186376
-13.600,400.000000,398.300000,401.700000,-135.657068,362.495341,-633.835670,54.262827,-144.998136,253.534268,8.147572,-21.771492,38.068208
-13.400,400.000000,398.325000,401.675000,-133.664356,364.513482,-631.867723,53.465742,-145.805393,252.747089,8.027889,-21.892702,37.950013
-13.200,400.000000,398.350000,401.650000,-131.671544,366.531347,-629.899312,52.668617,-146.612539,251.959725,7.908201,-22.013895,37.831791
-13.000,400.000000,398.375000,401.625000,-129.678633,368.548933,-627.930439,51.871453,-147.419573,251.172176,7.788506,-22.135071,37.713540
-12.800,400.000000,398.400000,401.600000,-127.685626,370.566241,-625.961106,51.074250,-148.226496,250.384442,7.668806,-22.256231,37.595262
-12.600,400.000000,398.425000,401.575000,-125.692524,372.583268,-623.991313,50.277009,-149.033307,249.596525,7.549101,-22.377373,37.476956
-12.400,400.000000,398.450000,401.550000,-123.699328,374.600012,-622.021062,49.479731,-149.840005,248.808425,7.429389,-22.498499,37.358622
-12.200,400.000000,398.475000,401.525000,-121.706039,376.616473,-620.050354,48.682416,-150.646589,248.020142,7.309672,-22.619608,37.240262
-12.000,400.000000,398.500000,401.500000,-119.712660,378.632649,-618.079191,47.885064,-151.453060,247.231676,7.189950,-22.740700,37.121873
-11.800,400.000000,398.525000,401.475000,-117.719192,380.648538,-616.107574,47.087677,-152.259415,246.443030,7.070222,-22.861774,37.003458
-11.600,400.000000,398.550000,401.450000,-115.725636,382.664139,-614.135504,46.290254,-153.065656,245.654202,6.950489,-22.982831,36.885015
-11.400,400.000000,398.575000,401.425000,-113.731994,384.679450,-612.162982,45.492797,-153.871780,244.865193,6.830750,-23.103871,36.766545
-11.200,400.000000,398.600000,401.400000,-111.738266,386.694471,-610.190011,44.695307,-154.677788,244.076004,6.711007,-23.224893,36.648049
-11.000,400.000000,398.625000,401.375000,-109.744456,388.709199,-608.216590,43.897782,-155.483679,243.286636,6.591259,-23.345898,36.529525
-10.800,400.000000,398.650000,401.350000,-107.750563,390.723632,-606.242722,43.100225,-156.289453,242.497089,6.471505,-23.466885,36.410974
-10.600,400.000000,398.675000,401.325000,-105.756590,392.737771,-604.268407,42.302636,-157.095108,241.707363,6.351747,-23.587854,36.292397
-10.400,400.000000,398.700000,401.300000,-103.762539,394.751612,-602.293648,41.505016,-157.900645,240.917459,6.231984,-23.708806,36.173793
-10.200,400.000000,398.725000,401.275000,-101.768410,396.765155,-600.318445,40.707364,-158.706062,240.127378,6.112217,-23.829739,36.055162
-10.000,400.000000,398.750000,401.250000,-99.774205,398.778399,-598.342799,39.909682,-159.511359,239.337120,5.992445,-23.950655,35.936504
-9.800,400.000000,398.775000,401.225000,-97.779925,400.791341,-596.366713,39.111970,-160.316536,238.546685,5.872668,-24.071552,35.817821
-9.600,400.000000,398.800000,401.200000,-95.785573,402.803980,-594.390187,38.314229,-161.121592,237.756075,5.752887,-24.192431,35.699110
-9.400,400.000000,398.825000,401.175000,-93.791149,404.816315,-592.413223,37.516459,-161.926526,236.965289,5.633102,-24.313292,35.580374
-9.200,400.000000,398.850000,401.150000,-91.796655,406.828344,-590.435822,36.718662,-162.731338,236.174329,5.513313,-24.434135,35.461611
-9.000,400.000000,398.875000,401.125000,-89.802092,408.840066,-588.457985,35.920837,-163.536027,235.383194,5.393519,-24.554959,35.342822
-8.800,400.000000,398.900000,401.100000,-87.807463,410.851480,-586.479713,35.122985,-164.340592,234.591885,5.273721,-24.675765,35.224007
-8.600,400.000000,398.925000,401.075000,-85.812768,412.862584,-584.501009,34.325107,-165.145033,233.800404,5.153920,-24.796552,35.105166
-8.400,400.000000,398.950000,401.050000,-83.818009,414.873376,-582.521873,33.527203,-165.949350,233.008749,5.034115,-24.917320,34.986299
-8.200,400.000000,398.975000,401.025000,-81.823187,416.883855,-580.542307,32.729275,-166.753542,232.216923,4.914306,-25.038069,34.867406
-8.000,400.000000,399.000000,401.000000,-79.828304,418.894020,-578.562312,31.931322,-167.557608,231.424925,4.794493,-25.158800,34.748487
-7.800,400.000000,399.025000,400.975000,-77.833362,420.903868,-576.581889,31.133345,-168.361547,230.632756,4.674676,-25.279512,34.629543
-7.600,400.000000,399.050000,400.950000,-75.838362,422.913400,-574.601040,30.335345,-169.165360,229.840416,4.554857,-25.400204,34.510573
-7.400,400.000000,399.075000,400.925000,-73.843305,424.922613,-572.619766,29.537322,-169.969045,229.047906,4.435033,-25.520878,34.391578
-7.200,400.000000,399.100000,400.900000,-71.848192,426.931505,-570.638068,28.739277,-170.772602,228.255227,4.315207,-25.641532,34.272557
-7.000,400.000000,399.125000,400.875000,-69.853027,428.940076,-568.655948,27.941211,-171.576031,227.462379,4.195377,-25.762167,34.153510
-6.800,400.000000,399.150000,400.850000,-67.857809,430.948324,-566.673407,27.143123,-172.379330,226.669363,4.075544,-25.882782,34.034439
-6.600,400.000000,399.175000,400.825000,-65.862540,432.956248,-564.690447,26.345016,-173.182499,225.876179,3.955708,-26.003378,33.915342
-6.400,400.000000,399.200000,400.800000,-63.867222,434.963845,-562.707068,25.546889,-173.985538,225.082827,3.835869,-26.123955,33.796220
-6.200,400.000000,399.225000,400.775000,-61.871857,436.971115,-560.723273,24.748743,-174.788446,224.289309,3.716027,-26.244511,33.677073
-6.000,400.000000,399.250000,400.750000,-59.876445,438.978056,-558.739062,23.950578,-175.591223,223.495625,3.596183,-26.365048,33.557902
-5.800,400.000000,399.275000,400.725000,-57.880989,440.984667,-556.754437,23.152396,-176.393867,222.701775,3.476336,-26.485566,33.438705
-5.600,400.000000,399.300000,400.700000,-55.885489,442.990946,-554.769399,22.354196,-177.196379,221.907759,3.356486,-26.606063,33.319483
-5.400,400.000000,399.325000,400.675000,-53.889948,444.996892,-552.783949,21.555979,-177.998757,221.113580,3.236634,-26.726540,33.200237
-5.200,400.000000,399.350000,400.650000,-51.894366,447.002504,-550.798090,20.757747,-178.801001,220.319236,3.116779,-26.846997,33.080966
-5.000,400.000000,399.375000,400.625000,-49.898746,449.007779,-548.811821,19.959498,-179.603112,219.524729,2.996922,-26.967434,32.961671
-4.800,400.000000,399.400000,400.600000,-47.903088,451.012717,-546.825146,19.161235,-180.405087,218.730058,2.877062,-27.087851,32.842351
-4.600,400.000000,399.425000,400.575000,-45.907395,453.017316,-544.838064,18.362958,-181.206926,217.935226,2.757201,-27.208247,32.723007
-4.400,400.000000,399.450000,400.550000,-43.911667,455.021575,-542.850578,17.564667,-182.008630,217.140231,2.637337,-27.328623,32.603638
-4.200,400.000000,399.475000,400.525000,-41.915907,457.025492,-540.862688,16.766363,-182.810197,216.345075,2.517472,-27.448978,32.484246
-4.000,400.000000,399.500000,400.500000,-39.920115,459.029065,-538.874397,15.968046,-183.611626,215.549759,2.397605,-27.569313,32.364829
-3.800,400.000000,399.525000,400.475000,-37.924293,461.032295,-536.885705,15.169717,-184.412918,214.754282,2.277735,-27.689627,32.245388
-3.600,400.000000,399.550000,400.450000,-35.928443,463.035178,-534.896614,14.371377,-185.214071,213.958645,2.157864,-27.809921,32.125923
-3.400,400.000000,399.575000,400.425000,-33.932567,465.037714,-532.907125,13.573027,-186.015085,213.162850,2.037992,-27.930193,32.006434
-3.200,400.000000,399.600000,400.400000,-31.936665,467.039900,-530.917239,12.774666,-186.815960,212.366896,1.918118,-28.050444,31.886921
-3.000,400.000000,399.625000,400.375000,-29.940739,469.041737,-528.926959,11.976295,-187.616695,211.570784,1.798243,-28.170675,31.767385
-2.800,400.000000,399.650000,400.350000,-27.944790,471.043222,-526.936285,11.177916,-188.417289,210.774514,1.678366,-28.290884,31.647825
-2.600,400.000000,399.675000,400.325000,-25.948821,473.044354,-524.945219,10.379528,-189.217741,209.978088,1.558488,-28.411072,31.528241
-2.400,400.000000,399.700000,400.300000,-23.952832,475.045131,-522.953762,9.581133,-190.018052,209.181505,1.438609,-28.531239,31.408634
-2.200,400.000000,399.725000,400.275000,-21.956826,477.045552,-520.961915,8.782730,-190.818221,208.384766,1.318728,-28.651385,31.289004
-2.000,400.000000,399.750000,400.250000,-19.960803,479.045616,-518.969680,7.984321,-191.618246,207.587872,1.198847,-28.771508,31.169350
-1.800,400.000000,399.775000,400.225000,-17.964765,481.045321,-516.977058,7.185906,-192.418128,206.790823,1.078965,-28.891611,31.049673
-1.600,400.000000,399.800000,400.200000,-15.968714,483.044666,-514.984051,6.387486,-193.217866,205.993621,0.959082,-29.011692,30.929973
-1.400,400.000000,399.825000,400.175000,-13.972651,485.043649,-512.990661,5.589060,-194.017460,205.196264,0.839198,-29.131751,30.810250
-1.200,400.000000,399.850000,400.150000,-11.976577,487.042270,-510.996887,4.790631,-194.816908,204.398755,0.719314,-29.251788,30.690504
-1.000,400.000000,399.875000,400.125000,-9.980495,489.040525,-509.002732,3.992198,-195.616210,203.601093,0.599429,-29.371803,30.570735
-0.800,400.000000,399.900000,400.100000,-7.984405,491.038415,-507.008198,3.193762,-196.415366,202.803279,0.479544,-29.491797,30.450943
-0.600,400.000000,399.925000,400.075000,-5.988309,493.035938,-505.013285,2.395324,-197.214375,202.005314,0.359658,-29.611768,30.331128
-0.400,400.000000,399.950000,400.050000,-3.992208,495.033092,-503.017995,1.596883,-198.013237,201.207198,0.239772,-29.731717,30.211291
-0.200,400.000000,399.975000,400.025000,-1.996105,497.029877,-501.022329,0.798442,-198.811951,200.408932,0.119886,-29.851644,30.091431
0.000,400.000000,400.000000,400.000000,0.000000,499.026289,-499.026289,-0.000000,-199.610516,199.610516,-0.000000,-29.971549,29.971549
0.200,400.000000,400.025000,399.975000,1.996105,501.022329,-497.029877,-0.798442,-200.408932,198.811951,-0.119886,-30.091431,29.851644
0.400,400.000000,400.050000,399.950000,3.992208,503.017995,-495.033092,-1.596883,-201.207198,198.013237,-0.239772,-30.211291,29.731717
0.600,400.000000,400.075000,399.925000,5.988309,505.013285,-493.035938,-2.395324,-202.005314,197.214375,-0.359658,-30.331128,29.611768
0.800,400.000000,400.100000,399.900000,7.984405,507.008198,-491.038415,-3.193762,-202.803279,196.415366,-0.479544,-30.450943,29.491797
1.000,400.000000,400.125000,399.875000,9.980495,509.002732,-489.040525,-3.992198,-203.601093,195.616210,-0.599429,-30.570735,29.371803
1.200,400.000000,400.150000,399.850000,11.976577,510.996887,-487.042270,-4.790631,-204.398755,194.816908,-0.719314,-30.690504,29.251788
1.400,400.000000,400.175000,399.825000,13.972651,512.990661,-485.043649,-5.589060,-205.196264,194.017460,-0.839198,-30.810250,29.131751
1.600,400.000000,400.200000,399.800000,15.968714,514.984051,-483.044666,-6.387486,-205.993621,193.217866,-0.959082,-30.929973,29.011692
1.800,400.000000,400.225000,399.775000,17.964765,516.977058,-481.045321,-7.185906,-206.790823,192.418128,-1.078965,-31.049673,28.891611
2.000,400.000000,400.250000,399.750000,19.960803,518.969680,-479.045616,-7.984321,-207.587872,191.618246,-1.198847,-31.169350,28.771508
2.200,400.000000,400.275000,399.725000,21.956826,520.961915,-477.045552,-8.782730,-208.384766,190.818221,-1.318728,-31.289004,28.651385
2.400,400.000000,400.300000,399.700000,23.952832,522.953762,-475.045131,-9.581133,-209.181505,190.018052,-1.438609,-31.408634,28.531239
2.600,400.000000,400.325000,399.675000,25.948821,524.945219,-473.044354,-10.379528,-209.978088,189.217741,-1.558488,-31.528241,28.411072
2.800,400.000000,400.350000,399.650000,27.944790,526.936285,-471.043222,-11.177916,-210.774514,188.417289,-1.678366,-31.647825,28.290884
3.000,400.000000,400.375000,399.625000,29.940739,528.926959,-469.041737,-11.976295,-211.570784,187.616695,-1.798243,-31.767385,28.170675
3.200,400.000000,400.400000,399.600000,31.936665,530.917239,-467.039900,-12.774666,-212.366896,186.815960,-1.918118,-31.886921,28.050444
3.400,400.000000,400.425000,399.575000,33.932567,532.907125,-465.037714,-13.573027,-213.162850,186.015085,-2.037992,-32.006434,27.930193
3.600,400.000000,400.450000,399.550000,35.928443,534.896614,-463.035178,-14.371377,-213.958645,185.214071,-2.157864,-32.125923,27.809921
3.800,400.000000,400.475000,399.525000,37.924293,536.885705,-461.032295,-15.169717,-214.754282,184.412918,-2.277735,-32.245388,27.689627
4.000,400.000000,400.500000,399.500000,39.920115,538.874397,-459.029065,-15.968046,-215.549759,183.611626,-2.397605,-32.364829,27.569313
4.200,400.000000,400.525000,399.475000,41.915907,540.862688,-457.025492,-16.766363,-216.345075,182.810197,-2.517472,-32.484246,27.448978
4.400,400.000000,400.550000,399.450000,43.911667,542.850578,-455.021575,-17.564667,-217.140231,182.008630,-2.637337,-32.603638,27.328623
4.600,400.000000,400.575000,399.425000,45.907395,544.838064,-453.017316,-18.362958,-217.935226,181.206926,-2.757201,-32.723007,27.208247
4.800,400.000000,400.600000,399.400000,47.903088,546.825146,-451.012717,-19.161235,-218.730058,180.405087,-2.877062,-32.842351,27.087851
5.000,400.000000,400.625000,399.375000,49.898746,548.811821,-449.007779,-19.959498,-219.524729,179.603112,-2.996922,-32.961671,26.967434
5.200,400.000000,400.650000,399.350000,51.894366,550.798090,-447.002504,-20.757747,-220.319236,178.801001,-3.116779,-33.080966,26.846997
5.400,400.000000,400.675000,399.325000,53.889948,552.783949,-444.996892,-21.555979,-221.113580,177.998757,-3.236634,-33.200237,26.726540
5.600,400.000000,400.700000,399.300000,55.885489,554.769399,-442.990946,-22.354196,-221.907759,177.196379,-3.356486,-33.319483,26.606063
5.800,400.000000,400.725000,399.275000,57.880989,556.754437,-440.984667,-23.152396,-222.701775,176.393867,-3.476336,-33.438705,26.485566
6.000,400.000000,400.750000,399.250000,59.876445,558.739062,-438.978056,-23.950578,-223.495625,175.591223,-3.596183,-33.557902,26.365048
6.200,400.000000,400.775000,399.225000,61.871857,560.723273,-436.971115,-24.748743,-224.289309,174.788446,-3.716027,-33.677073,26.244511
6.400,400.000000,400.800000,399.200000,63.867222,562.707068,-434.963845,-25.546889,-225.082827,173.985538,-3.835869,-33.796220,26.123955
6.600,400.000000,400.825000,399.175000,65.862540,564.690447,-432.956248,-26.345016,-225.876179,173.182499,-3.955708,-33.915342,26.003378
6.800,400.000000,400.850000,399.150000,67.857809,566.673407,-430.948324,-27.143123,-226.669363,172.379330,-4.075544,-34.034439,25.882782
7.000,400.000000,400.875000,399.125000,69.853027,568.655948,-428.940076,-27.941211,-227.462379,171.576031,-4.195377,-34.153510,25.762167
7.200,400.000000,400.900000,399.100000,71.848192,570.638068,-426.931505,-28.739277,-228.255227,170.772602,-4.315207,-34.272557,25.641532
7.400,400.000000,400.925000,399.075000,73.843305,572.619766,-424.922613,-29.537322,-229.047906,169.969045,-4.435033,-34.391578,25.520878
7.600,400.000000,400.950000,399.050000,75.838362,574.601040,-422.913400,-30.335345,-229.840416,169.165360,-4.554857,-34.510573,25.400204
7.800,400.000000,400.975000,399.025000,77.833362,576.581889,-420.903868,-31.133345,-230.632756,168.361547,-4.674676,-34.629543,25.279512
8.000,400.000000,401.000000,399.000000,79.828304,578.562312,-418.894020,-31.931322,-231.424925,167.557608,-4.794493,-34.748487,25.158800
8.200,400.000000,401.025000,398.975000,81.823187,580.542307,-416.883855,-32.729275,-232.216923,166.753542,-4.914306,-34.867406,25.038069
8.400,400.000000,401.050000,398.950000,83.818009,582.521873,-414.873376,-33.527203,-233.008749,165.949350,-5.034115,-34.986299,24.917320
8.600,400.000000,401.075000,398.925000,85.812768,584.501009,-412.862584,-34.325107,-233.800404,165.145033,-5.153920,-35.105166,24.796552
8.800,400.000000,401.100000,398.900000,87.807463,586.479713,-410.851480,-35.122985,-234.591885,164.340592,-5.273721,-35.224007,24.675765
9.000,400.000000,401.125000,398.875000,89.802092,588.457985,-408.840066,-35.920837,-235.383194,163.536027,-5.393519,-35.342822,24.554959
9.200,400.000000,401.150000,398.850000,91.796655,590.435822,-406.828344,-36.718662,-236.174329,162.731338,-5.513313,-35.461611,24.434135
9.400,400.000000,401.175000,398.825000,93.791149,592.413223,-404.816315,-37.516459,-236.965289,161.926526,-5.633102,-35.580374,24.313292
9.600,400.000000,401.200000,398.800000,95.785573,594.390187,-402.803980,-38.314229,-237.756075,161.121592,-5.752887,-35.699110,24.192431
9.800,400.000000,401.225000,398.775000,97.779925,596.366713,-400.791341,-39.111970,-238.546685,160.316536,-5.872668,-35.817821,24.071552
10.000,400.000000,401.250000,398.750000,99.774205,598.342799,-398.778399,-39.909682,-239.337120,159.511359,-5.992445,-35.936504,23.950655
10.200,400.000000,401.275000,398.725000,101.768410,600.318445,-396.765155,-40.707364,-240.127378,158.706062,-6.112217,-36.055162,23.829739
10.400,400.000000,401.300000,398.700000,103.762539,602.293648,-394.751612,-41.505016,-240.917459,157.900645,-6.231984,-36.173793,23.708806
10.600,400.000000,401.325000,398.675000,105.756590,604.268407,-392.737771,-42.302636,-241.707363,157.095108,-6.351747,-36.292397,23.587854
10.800,400.000000,401.350000,398.650000,107.750563,606.242722,-390.723632,-43.100225,-242.497089,156.289453,-6.471505,-36.410974,23.466885
11.000,400.000000,401.375000,398.625000,109.744456,608.216590,-388.709199,-43.897782,-243.286636,155.483679,-6.591259,-36.529525,23.345898
11.200,400.000000,401.400000,398.600000,111.738266,610.190011,-386.694471,-44.695307,-244.076004,154.677788,-6.711007,-36.648049,23.224893
11.400,400.000000,401.425000,398.575000,113.731994,612.162982,-384.679450,-45.492797,-244.865193,153.871780,-6.830750,-36.766545,23.103871
11.600,400.000000,401.450000,398.550000,115.725636,614.135504,-382.664139,-46.290254,-245.654202,153.065656,-6.950489,-36.885015,22.982831
11.800,400.000000,401.475000,398.525000,117.719192,616.107574,-380.648538,-47.087677,-246.443030,152.259415,-7.070222,-37.003458,22.861774
12.000,400.000000,401.500000,398.500000,119.712660,618.079191,-378.632649,-47.885064,-247.231676,151.453060,-7.189950,-37.121873,22.740700
12.200,400.000000,401.525000,398.475000,121.706039,620.050354,-376.616473,-48.682416,-248.020142,150.646589,-7.309672,-37.240262,22.619608
12.400,400.000000,401.550000,398.450000,123.699328,622.021062,-374.600012,-49.479731,-248.808425,149.840005,-7.429389,-37.358622,22.498499
12.600,400.000000,401.575000,398.425000,125.692524,623.991313,-372.583268,-50.277009,-249.596525,149.033307,-7.549101,-37.476956,22.377373
12.800,400.000000,401.600000,398.400000,127.685626,625.961106,-370.566241,-51.074250,-250.384442,148.226496,-7.668806,-37.595262,22.256231
13.000,400.000000,401.625000,398.375000,129.678633,627.930439,-368.548933,-51.871453,-251.172176,147.419573,-7.788506,-37.713540,22.135071
13.200,400.000000,401.650000,398.350000,131.671544,629.899312,-366.531347,-52.668617,-251.959725,146.612539,-7.908201,-37.831791,22.013895
13.400,400.000000,401.675000,398.325000,133.664356,631.867723,-364.513482,-53.465742,-252.747089,145.805393,-8.027889,-37.950013,21.892702
13.600,400.000000,401.700000,398.300000,135.657068,633.835670,-362.495341,-54.262827,-253.534268,144.998136,-8.147572,-38.068208,21.771492
13.800,400.000000,401.725000,398.275000,137.649680,635.803153,-360.476925,-55.059872,-254.321261,144.190770,-8.267248,-38.186376,21.650266
14.000,400.000000,401.750000,398.250000,139.642189,637.770170,-358.458236,-55.856876,-255.108068,143.383295,-8.386918,-38.304515,21.529023
14.200,400.000000,401.775000,398.225000,141.634594,639.736720,-356.439276,-56.653838,-255.894688,142.575710,-8.506582,-38.422626,21.407764
14.400,400.000000,401.800000,398.200000,143.626893,641.702802,-354.420044,-57.450757,-256.681121,141.768018,-8.626240,-38.540709,21.286489
14.600,400.000000,401.825000,398.175000,145.619085,643.668414,-352.400544,-58.247634,-257.467366,140.960218,-8.745891,-38.658764,21.165198
14.800,400.000000,401.850000,398.150000,147.611169,645.633555,-350.380776,-59.044468,-258.253422,140.152311,-8.865536,-38.776790,21.043890
15.000,400.000000,401.875000,398.125000,149.603143,647.598223,-348.360743,-59.841257,-259.039289,139.344297,-8.985174,-38.894788,20.922567
15.200,400.000000,401.900000,398.100000,151.595005,649.562418,-346.340445,-60.638002,-259.824967,138.536178,-9.104805,-39.012758,20.801228
15.400,400.000000,401.925000,398.075000,153.586755,651.526138,-344.319884,-61.434702,-260.610455,137.727954,-9.224430,-39.130699,20.679873
15.600,400.000000,401.950000,398.050000,155.578390,653.489382,-342.299062,-62.231356,-261.395753,136.919625,-9.344047,-39.248612,20.558502
15.800,400.000000,401.975000,398.025000,157.569909,655.452148,-340.277979,-63.027964,-262.180859,136.111192,-9.463658,-39.366495,20.437116
16.000,400.000000,402.000000,398.000000,159.561311,657.414436,-338.256638,-63.824524,-262.965774,135.302655,-9.583262,-39.484351,20.315714
16.200,400.000000,402.025000,397.975000,161.552594,659.376244,-336.235041,-64.621038,-263.750498,134.494016,-9.702858,-39.602177,20.194297
16.400,400.000000,402.050000,397.950000,163.543756,661.337570,-334.213187,-65.417503,-264.535028,133.685275,-9.822448,-39.719974,20.072864
16.600,400.000000,402.075000,397.925000,165.534797,663.298414,-332.191080,-66.213919,-265.319366,132.876432,-9.942030,-39.837743,19.951416
16.800,400.000000,402.100000,397.900000,167.525715,665.258775,-330.168720,-67.010286,-266.103510,132.067488,-10.061605,-39.955482,19.829953
17.000,400.000000,402.125000,397.875000,169.516508,667.218650,-328.146109,-67.806603,-266.887460,131.258444,-10.181172,-40.073192,19.708475
17.200,400.000000,402.150000,397.850000,171.507175,669.178038,-326.123249,-68.602870,-267.671215,130.449300,-10.300731,-40.190873,19.586982
17.400,400.000000,402.175000,397.825000,173.497714,671.136939,-324.100140,-69.399086,-268.454776,129.640056,-10.420283,-40.308525,19.465474
17.600,400.000000,402.200000,397.800000,175.488124,673.095352,-322.076786,-70.195250,-269.238141,128.830714,-10.539827,-40.426147,19.343951
17.800,400.000000,402.225000,397.775000,177.478403,675.053274,-320.053186,-70.991361,-270.021309,128.021274,-10.659364,-40.543740,19.222414
18.000,400.000000,402.250000,397.750000,179.468550,677.010704,-318.029342,-71.787420,-270.804282,127.211737,-10.778892,-40.661304,19.100861
18.200,400.000000,402.275000,397.725000,181.458564,678.967642,-316.005257,-72.583426,-271.587057,126.402103,-10.898412,-40.778837,18.979295
18.400,400.000000,402.300000,397.700000,183.448443,680.924086,-313.980931,-73.379377,-272.369635,125.592372,-11.017925,-40.896342,18.857714
18.600,400.000000,402.325000,397.675000,185.438185,682.880035,-311.956366,-74.175274,-273.152014,124.782546,-11.137429,-41.013816,18.736118
18.800,400.000000,402.350000,397.650000,187.427790,684.835488,-309.931563,-74.971116,-273.934195,123.972625,-11.256924,-41.131261,18.614508
19.000,400.000000,402.375000,397.625000,189.417254,686.790442,-307.906525,-75.766902,-274.716177,123.162610,-11.376412,-41.248675,18.492884
19.200,400.000000,402.400000,397.600000,191.406579,688.744898,-305.881252,-76.562631,-275.497959,122.352501,-11.495891,-41.366060,18.371246
19.400,400.000000,402.425000,397.575000,193.395760,690.698854,-303.855746,-77.358304,-276.279542,121.542298,-11.615361,-41.483415,18.249594
19.600,400.000000,402.450000,397.550000,195.384798,692.652308,-301.830008,-78.153919,-277.060923,120.732003,-11.734823,-41.600739,18.127928
19.800,400.000000,402.475000,397.525000,197.373691,694.605260,-299.804041,-78.949476,-277.842104,119.921616,-11.854276,-41.718034,18.006249
20.000,400.000000,402.500000,397.500000,199.362437,696.557707,-297.777845,-79.744975,-278.623083,119.111138,-11.973720,-41.835298,17.884555
20.200,400.000000,402.525000,397.475000,201.351034,698.509650,-295.751422,-80.540414,-279.403860,118.300569,-12.093155,-41.952532,17.762848
20.400,400.000000,402.550000,397.450000,203.339482,700.461086,-293.724773,-81.335793,-280.184434,117.489909,-12.212582,-42.069735,17.641128
20.600,400.000000,402.575000,397.425000,205.327779,702.412014,-291.697901,-82.131112,-280.964806,116.679160,-12.331999,-42.186908,17.519393
20.800,400.000000,402.600000,397.400000,207.315924,704.362433,-289.670806,-82.926369,-281.744973,115.868323,-12.451407,-42.304050,17.397646
21.000,400.000000,402.625000,397.375000,209.303914,706.312343,-287.643491,-83.721566,-282.524937,115.057396,-12.570806,-42.421162,17.275885
21.200,400.000000,402.650000,397.350000,211.291749,708.261741,-285.615956,-84.516699,-283.304696,114.246382,-12.690195,-42.538243,17.154111
21.400,400.000000,402.675000,397.325000,213.279426,710.210626,-283.588203,-85.311771,-284.084251,113.435281,-12.809575,-42.655293,17.032324
21.600,400.000000,402.700000,397.300000,215.266946,712.158998,-281.560233,-86.106778,-284.863599,112.624093,-12.928946,-42.772312,16.910525
21.800,400.000000,402.725000,397.275000,217.254305,714.106854,-279.532049,-86.901722,-285.642742,111.812820,-13.048307,-42.889301,16.788712
22.000,400.000000,402.750000,397.250000,219.241503,716.054195,-277.503652,-87.696601,-286.421678,111.001461,-13.167658,-43.006258,16.666886
22.200,400.000000,402.775000,397.225000,221.228539,718.001018,-275.475043,-88.491415,-287.200407,110.190017,-13.286999,-43.123184,16.545048
22.400,400.000000,402.800000,397.200000,223.215410,719.947322,-273.446223,-89.286164,-287.978929,109.378489,-13.406331,-43.240079,16.423197
22.600,400.000000,402.825000,397.175000,225.202115,721.893106,-271.417195,-90.080846,-288.757242,108.566878,-13.525653,-43.356943,16.301333
22.800,400.000000,402.850000,397.150000,227.188653,723.838369,-269.387959,-90.875461,-289.535347,107.755184,-13.644964,-43.473776,16.179457
23.000,400.000000,402.875000,397.125000,229.175022,725.783109,-267.358518,-91.670009,-290.313244,106.943407,-13.764266,-43.590577,16.057569
23.200,400.000000,402.900000,397.100000,231.161222,727.727326,-265.328872,-92.464489,-291.090931,106.131549,-13.883557,-43.707347,15.935668
23.400,400.000000,402.925000,397.075000,233.147250,729.671019,-263.299024,-93.258900,-291.868407,105.319610,-14.002838,-43.824085,15.813755
23.600,400.000000,402.950000,397.050000,235.133105,731.614185,-261.268975,-94.053242,-292.645674,104.507590,-14.122108,-43.940792,15.691830
23.800,400.000000,402.975000,397.025000,237.118785,733.556824,-259.238726,-94.847514,-293.422729,103.695490,-14.241368,-44.057467,15.569893
24.000,400.000000,403.000000,397.000000,239.104289,735.498934,-257.208278,-95.641716,-294.199574,102.883311,-14.360618,-44.174110,15.447945
24.200,400.000000,403.025000,396.975000,241.089617,737.440515,-255.177635,-96.435847,-294.976206,102.071054,-14.479857,-44.290722,15.325984
24.400,400.000000,403.050000,396.950000,243.074765,739.381565,-253.146796,-97.229906,-295.752626,101.258718,-14.599085,-44.407301,15.204012
24.600,400.000000,403.075000,396.925000,245.059733,741.322083,-251.115764,-98.023893,-296.528833,100.446305,-14.718302,-44.523849,15.082028
24.800,400.000000,403.100000,396.900000,247.044519,743.262068,-249.084539,-98.817808,-297.304827,99.633816,-14.837509,-44.640364,14.960032
25.000,400.000000,403.125000,396.875000,249.029123,745.201518,-247.053125,-99.611649,-298.080607,98.821250,-14.956704,-44.756848,14.838025
25.200,400.000000,403.150000,396.850000,251.013541,747.140433,-245.021521,-100.405416,-298.856173,98.008608,-15.075888,-44.873299,14.716007
25.400,400.000000,403.175000,396.825000,252.997774,749.078811,-242.989730,-101.199109,-299.631524,97.195892,-15.195061,-44.989718,14.593978
25.600,400.000000,403.200000,396.800000,254.981819,751.016650,-240.957753,-101.992727,-300.406660,96.383101,-15.314223,-45.106105,14.471937
25.800,400.000000,403.225000,396.775000,256.965675,752.953951,-238.925591,-102.786270,-301.181580,95.570237,-15.433374,-45.222460,14.349885
26.000,400.000000,403.250000,396.750000,258.949341,754.890711,-236.893247,-103.579736,-301.956284,94.757299,-15.552513,-45.338781,14.227823
26.200,400.000000,403.275000,396.725000,260.932814,756.826929,-234.860722,-104.373126,-302.730772,93.944289,-15.671641,-45.455071,14.105749
26.400,400.000000,403.300000,396.700000,262.916095,758.762605,-232.828017,-105.166438,-303.505042,93.131207,-15.790756,-45.571328,13.983665
26.600,400.000000,403.325000,396.675000,264.899181,760.697737,-230.795133,-105.959672,-304.279095,92.318053,-15.909861,-45.687552,13.861570
26.800,400.000000,403.350000,396.650000,266.882071,762.632323,-228.762073,-106.752828,-305.052929,91.504829,-16.028953,-45.803743,13.739464
27.000,400.000000,403.375000,396.625000,268.864763,764.566364,-226.728838,-107.545905,-305.826545,90.691535,-16.148034,-45.919902,13.617348
27.200,400.000000,403.400000,396.600000,270.847256,766.499856,-224.695429,-108.338902,-306.599943,89.878172,-16.267102,-46.036027,13.495221
27.400,400.000000,403.425000,396.575000,272.829548,768.432800,-222.661848,-109.131819,-307.373120,89.064739,-16.386159,-46.152120,13.373084
27.600,400.000000,403.450000,396.550000,274.811639,770.365194,-220.628097,-109.924656,-308.146078,88.251239,-16.505204,-46.268180,13.250937
27.800,400.000000,403.475000,396.525000,276.793526,772.297037,-218.594176,-110.717410,-308.918815,87.437670,-16.624236,-46.384206,13.128779
28.000,400.000000,403.500000,396.500000,278.775208,774.228328,-216.560088,-111.510083,-309.691331,86.624035,-16.743256,-46.500200,13.006612
28.200,400.000000,403.525000,396.475000,280.756685,776.159066,-214.525834,-112.302674,-310.463626,85.810334,-16.862263,-46.616160,12.884435
28.400,400.000000,403.550000,396.450000,282.737953,778.089249,-212.491416,-113.095181,-311.235699,84.996567,-16.981258,-46.732087,12.762247
28.600,400.000000,403.575000,396.425000,284.719012,780.018876,-210.456835,-113.887605,-312.007550,84.182734,-17.100241,-46.847981,12.640050
28.800,400.000000,403.600000,396.400000,286.699861,781.947946,-208.422093,-114.679945,-312.779178,83.368837,-17.219211,-46.963841,12.517843
29.000,400.000000,403.625000,396.375000,288.680498,783.876458,-206.387191,-115.472199,-313.550583,82.554876,-17.338168,-47.079667,12.395627
29.200,400.000000,403.650000,396.350000,290.660921,785.804411,-204.352131,-116.264369,-314.321765,81.740852,-17.457112,-47.195460,12.273401
29.400,400.000000,403.675000,396.325000,292.641130,787.731804,-202.316914,-117.056452,-315.092722,80.926766,-17.576044,-47.311219,12.151166
29.600,400.000000,403.700000,396.300000,294.621122,789.658635,-200.281542,-117.848449,-315.863454,80.112617,-17.694962,-47.426945,12.028921
29.800,400.000000,403.725000,396.275000,296.600897,791.584904,-198.246016,-118.640359,-316.633961,79.298407,-17.813868,-47.542637,11.906668
30.000,400.000000,403.750000,396.250000,298.580452,793.510608,-196.210339,-119.432181,-317.404243,78.484135,-17.932760,-47.658295,11.784405
30.200,400.000000,403.775000,396.225000,300.559787,795.435748,-194.174511,-120.223915,-318.174299,77.669804,-18.051639,-47.773919,11.662133
30.400,400.000000,403.800000,396.200000,302.538900,797.360321,-192.138534,-121.015560,-318.944129,76.855413,-18.170504,-47.889509,11.539852
30.600,400.000000,403.825000,396.175000,304.517789,799.284328,-190.102409,-121.807116,-319.713731,76.040964,-18.289357,-48.005065,11.417562
30.800,400.000000,403.850000,396.150000,306.496453,801.207766,-188.066139,-122.598581,-320.483106,75.226456,-18.408195,-48.120587,11.295264
31.000,400.000000,403.875000,396.125000,308.474891,803.130634,-186.029725,-123.389957,-321.252254,74.411890,-18.527021,-48.236074,11.172956
31.200,400.000000,403.900000,396.100000,310.453102,805.052931,-183.993167,-124.181241,-322.021173,73.597267,-18.645832,-48.351527,11.050641
31.400,400.000000,403.925000,396.075000,312.431083,806.974657,-181.956469,-124.972433,-322.789863,72.782588,-18.764630,-48.466946,10.928316
31.600,400.000000,403.950000,396.050000,314.408834,808.895810,-179.919631,-125.763534,-323.558324,71.967852,-18.883413,-48.582331,10.805984
31.800,400.000000,403.975000,396.025000,316.386352,810.816388,-177.882655,-126.554541,-324.326555,71.153062,-19.002183,-48.697681,10.683643
32.000,400.000000,404.000000,396.000000,318.363638,812.736392,-175.845542,-127.345455,-325.094557,70.338217,-19.120939,-48.812996,10.561294
32.200,400.000000,404.025000,395.975000,320.340688,814.655819,-173.808294,-128.136275,-325.862327,69.523318,-19.239681,-48.928277,10.438937
32.400,400.000000,404.050000,395.950000,322.317502,816.574668,-171.770913,-128.927001,-326.629867,68.708365,-19.358409,-49.043524,10.316571
32.600,400.000000,404.075000,395.925000,324.294079,818.492939,-169.733400,-129.717632,-327.397175,67.893360,-19.477122,-49.158735,10.194198
32.800,400.000000,404.100000,395.900000,326.270416,820.410630,-167.695757,-130.508167,-328.164252,67.078303,-19.595821,-49.273912,10.071817
33.000,400.000000,404.125000,395.875000,328.246513,822.327740,-165.657985,-131.298605,-328.931096,66.263194,-19.714505,-49.389053,9.949429
33.200,400.000000,404.150000,395.850000,330.222368,824.244268,-163.620085,-132.088947,-329.697707,65.448034,-19.833175,-49.504160,9.827032
33.400,400.000000,404.175000,395.825000,332.197980,826.160213,-161.582060,-132.879192,-330.464085,64.632824,-19.951831,-49.619232,9.704628
33.600,400.000000,404.200000,395.800000,334.173347,828.075574,-159.543911,-133.669339,-331.230229,63.817565,-20.070471,-49.734269,9.582217
33.800,400.000000,404.225000,395.775000,336.148467,829.990349,-157.505640,-134.459387,-331.996140,63.002256,-20.189097,-49.849270,9.459798
34.000,400.000000,404.250000,395.750000,338.123340,831.904538,-155.467247,-135.249336,-332.761815,62.186899,-20.307708,-49.964237,9.337372
34.200,400.000000,404.275000,395.725000,340.097964,833.818139,-153.428735,-136.039186,-333.527256,61.371494,-20.426304,-50.079168,9.214939
34.400,400.000000,404.300000,395.700000,342.072338,835.731152,-151.390105,-136.828935,-334.292461,60.556042,-20.544885,-50.194063,9.092499
34.600,400.000000,404.325000,395.675000,344.046460,837.643574,-149.351359,-137.618584,-335.057430,59.740544,-20.663451,-50.308923,8.970052
34.800,400.000000,404.350000,395.650000,346.020328,839.555406,-147.312498,-138.408131,-335.822162,58.924999,-20.782002,-50.423748,8.847597
35.000,400.000000,404.375000,395.625000,347.993942,841.466646,-145.273523,-139.197577,-336.586658,58.109409,-20.900537,-50.538537,8.725137
35.200,400.000000,404.400000,395.600000,349.967300,843.377293,-143.234438,-139.986920,-337.350917,57.293775,-21.019057,-50.653291,8.602669
35.400,400.000000,404.425000,395.575000,351.940400,845.287345,-141.195242,-140.776160,-338.114938,56.478097,-21.137562,-50.768009,8.480195
35.600,400.000000,404.450000,395.550000,353.913242,847.196802,-139.155937,-141.565297,-338.878721,55.662375,-21.256051,-50.882691,8.357714
35.800,400.000000,404.475000,395.525000,355.885823,849.105663,-137.116525,-142.354329,-339.642265,54.846610,-21.374524,-50.997337,8.235227
36.000,400.000000,404.500000,395.500000,357.858143,851.013926,-135.077009,-143.143257,-340.405570,54.030803,-21.492982,-51.111948,8.112733
36.200,400.000000,404.525000,395.475000,359.830199,852.921591,-133.037388,-143.932080,-341.168636,53.214955,-21.611423,-51.226522,7.990233
36.400,400.000000,404.550000,395.450000,361.801991,854.828655,-130.997665,-144.720796,-341.931462,52.399066,-21.729849,-51.341060,7.867728
36.600,400.000000,404.575000,395.425000,363.773517,856.735120,-128.957841,-145.509407,-342.694048,51.583136,-21.848259,-51.455563,7.745216
36.800,400.000000,404.600000,395.400000,365.744776,858.640982,-126.917918,-146.297910,-343.456393,50.767167,-21.966653,-51.570029,7.622698
37.000,400.000000,404.625000,395.375000,367.715766,860.546241,-124.877897,-147.086306,-344.218496,49.951159,-22.085031,-51.684459,7.500174
37.200,400.000000,404.650000,395.350000,369.686486,862.450896,-122.837781,-147.874594,-344.980358,49.135112,-22.203393,-51.798853,7.377644
37.400,400.000000,404.675000,395.325000,371.656934,864.354946,-120.797570,-148.662774,-345.741978,48.319028,-22.321738,-51.913210,7.255109
37.600,400.000000,404.700000,395.300000,373.627110,866.258390,-118.757266,-149.450844,-346.503356,47.502906,-22.440067,-52.027531,7.132569
37.800,400.000000,404.725000,395.275000,375.597011,868.161227,-116.716870,-150.238805,-347.264491,46.686748,-22.558379,-52.141815,7.010022
38.000,400.000000,404.750000,395.250000,377.566637,870.063455,-114.676385,-151.026655,-348.025382,45.870554,-22.676675,-52.256063,6.887471
38.200,400.000000,404.775000,395.225000,379.535986,871.965074,-112.635812,-151.814394,-348.786029,45.054325,-22.794954,-52.370275,6.764914
38.400,400.000000,404.800000,395.200000,381.505056,873.866082,-110.595152,-152.602022,-349.546433,44.238061,-22.913217,-52.484449,6.642351
38.600,400.000000,404.825000,395.175000,383.473846,875.766479,-108.554407,-153.389538,-350.306591,43.421763,-23.031462,-52.598587,6.519784
38.800,400.000000,404.850000,395.150000,385.442355,877.666263,-106.513578,-154.176942,-351.066505,42.605431,-23.149691,-52.712688,6.397212
39.000,400.000000,404.875000,395.125000,387.410582,879.565433,-104.472667,-154.964233,-351.826173,41.789067,-23.267903,-52.826753,6.274635
39.200,400.000000,404.900000,395.100000,389.378524,881.463989,-102.431676,-155.751410,-352.585595,40.972671,-23.386098,-52.940780,6.152053
39.400,400.000000,404.925000,395.075000,391.346181,883.361928,-100.390607,-156.538472,-353.344771,40.156243,-23.504275,-53.054770,6.029466
39.600,400.000000,404.950000,395.050000,393.313551,885.259251,-98.349459,-157.325420,-354.103701,39.339784,-23.622435,-53.168724,5.906874
39.800,400.000000,404.975000,395.025000,395.280633,887.155956,-96.308237,-158.112253,-354.862383,38.523295,-23.740579,-53.282640,5.784278
40.000,400.000000,405.000000,395.000000,397.247425,889.052042,-94.266940,-158.898970,-355.620817,37.706776,-23.858704,-53.396519,5.661678
40.200,400.000000,405.025000,394.975000,399.213927,890.947508,-92.225570,-159.685571,-356.379003,36.890228,-23.976812,-53.510361,5.539073
40.400,400.000000,405.050000,394.950000,401.180136,892.842353,-90.184130,-160.472054,-357.136941,36.073652,-24.094903,-53.624165,5.416464
40.600,400.000000,405.075000,394.925000,403.146051,894.736576,-88.142620,-161.258421,-357.894630,35.257048,-24.212976,-53.737932,5.293851
40.800,400.000000,405.100000,394.900000,405.111672,896.630175,-86.101042,-162.044669,-358.652070,34.440417,-24.331031,-53.851662,5.171234
41.000,400.000000,405.125000,394.875000,407.076996,898.523150,-84.059398,-162.830798,-359.409260,33.623759,-24.449069,-53.965354,5.048613
41.200,400.000000,405.150000,394.850000,409.042022,900.415500,-82.017689,-163.616809,-360.166200,32.807076,-24.567088,-54.079009,4.925987
41.400,400.000000,405.175000,394.825000,411.006748,902.307224,-79.975917,-164.402699,-360.922890,31.990367,-24.685090,-54.192626,4.803358
41.600,400.000000,405.200000,394.800000,412.971175,904.198320,-77.934084,-165.188470,-361.679328,31.173634,-24.803074,-54.306205,4.680726
41.800,400.000000,405.225000,394.775000,414.935299,906.088788,-75.892191,-165.974120,-362.435515,30.356876,-24.921039,-54.419747,4.558090
42.000,400.000000,405.250000,394.750000,416.899120,907.978627,-73.850239,-166.759648,-363.191451,29.540095,-25.038986,-54.533251,4.435450
42.200,400.000000,405.275000,394.725000,418.862636,909.867835,-71.808230,-167.545054,-363.947134,28.723292,-25.156915,-54.646717,4.312807
42.400,400.000000,405.300000,394.700000,420.825846,911.756411,-69.766166,-168.330338,-364.702564,27.906466,-25.274826,-54.760145,4.190160
42.600,400.000000,405.325000,394.675000,422.788748,913.644355,-67.724048,-169.115499,-365.457742,27.089619,-25.392718,-54.873535,4.067510
42.800,400.000000,405.350000,394.650000,424.751342,915.531666,-65.681878,-169.900537,-366.212666,26.272751,-25.510591,-54.986887,3.944858
43.000,400.000000,405.375000,394.625000,426.713625,917.418342,-63.639657,-170.685450,-366.967337,25.455863,-25.628446,-55.100201,3.822202
43.200,400.000000,405.400000,394.600000,428.675597,919.304382,-61.597388,-171.470239,-367.721753,24.638955,-25.746282,-55.213476,3.699543
43.400,400.000000,405.425000,394.575000,430.637256,921.189785,-59.555071,-172.254903,-368.475914,23.822028,-25.864099,-55.326714,3.576881
43.600,400.000000,405.450000,394.550000,432.598601,923.074551,-57.512708,-173.039440,-369.229821,23.005083,-25.981898,-55.439913,3.454217
43.800,400.000000,405.475000,394.525000,434.559630,924.958679,-55.470301,-173.823852,-369.983472,22.188120,-26.099677,-55.553074,3.331550
44.000,400.000000,405.500000,394.500000,436.520342,926.842167,-53.427851,-174.608137,-370.736867,21.371140,-26.217438,-55.666196,3.208880
44.200,400.000000,405.525000,394.475000,438.480735,928.725014,-51.385360,-175.392294,-371.490005,20.554144,-26.335179,-55.779280,3.086208
44.400,400.000000,405.550000,394.450000,440.440809,930.607219,-49.342829,-176.176324,-372.242888,19.737132,-26.452901,-55.892325,2.963533
44.600,400.000000,405.575000,394.425000,442.400562,932.488782,-47.300261,-176.960225,-372.995513,18.920104,-26.570604,-56.005332,2.840856
44.800,400.000000,405.600000,394.400000,444.359992,934.369700,-45.257655,-177.743997,-373.747880,18.103062,-26.688288,-56.118300,2.718178
45.000,400.000000,405.625000,394.375000,446.319099,936.249975,-43.215016,-178.527639,-374.499990,17.286006,-26.805952,-56.231230,2.595496
45.200,400.000000,405.650000,394.350000,448.277880,938.129603,-41.172342,-179.311152,-375.251841,16.468937,-26.923596,-56.344120,2.472813
45.400,400.000000,405.675000,394.325000,450.236334,940.008585,-39.129637,-180.094534,-376.003434,15.651855,-27.041221,-56.456972,2.350128
45.600,400.000000,405.700000,394.300000,452.194461,941.886919,-37.086902,-180.877784,-376.754768,14.834761,-27.158827,-56.569785,2.227442
45.800,400.000000,405.725000,394.275000,454.152259,943.764605,-35.044139,-181.660904,-377.505842,14.017655,-27.276412,-56.682559,2.104753
46.000,400.000000,405.750000,394.250000,456.109726,945.641640,-33.001348,-182.443890,-378.256656,13.200539,-27.393978,-56.795294,1.982063
46.200,400.000000,405.775000,394.225000,458.066861,947.518025,-30.958532,-183.226744,-379.007210,12.383413,-27.511523,-56.907990,1.859371
46.400,400.000000,405.800000,394.200000,460.023662,949.393759,-28.915692,-184.009465,-379.757503,11.566277,-27.629049,-57.020646,1.736678
46.600,400.000000,405.825000,394.175000,461.980129,951.268839,-26.872830,-184.792052,-380.507536,10.749132,-27.746554,-57.133264,1.613984
46.800,400.000000,405.850000,394.150000,463.936260,953.143266,-24.829947,-185.574504,-381.257307,9.931979,-27.864040,-57.245842,1.491288
47.000,400.000000,405.875000,394.125000,465.892054,955.017039,-22.787044,-186.356822,-382.006816,9.114818,-27.981505,-57.358381,1.368591
47.200,400.000000,405.900000,394.100000,467.847509,956.890156,-20.744125,-187.139004,-382.756062,8.297650,-28.098950,-57.470880,1.245893
47.400,400.000000,405.925000,394.075000,469.802624,958.762616,-18.701189,-187.921050,-383.505046,7.480476,-28.216374,-57.583340,1.123195
47.600,400.000000,405.950000,394.050000,471.757398,960.634419,-16.658239,-188.702959,-384.253767,6.663296,-28.333778,-57.695761,1.000495
47.800,400.000000,405.975000,394.025000,473.711829,962.505563,-14.615276,-189.484732,-385.002225,5.846111,-28.451161,-57.808142,0.877794
48.000,400.000000,406.000000,394.000000,475.665916,964.376047,-12.572302,-190.266366,-385.750419,5.028921,-28.568523,-57.920483,0.755093
48.200,400.000000,406.025000,393.975000,477.619657,966.245871,-10.529318,-191.047863,-386.498349,4.211727,-28.685865,-58.032785,0.632391
48.400,400.000000,406.050000,393.950000,479.573052,968.115034,-8.486326,-191.829221,-387.246014,3.394531,-28.803186,-58.145047,0.509689
48.600,400.000000,406.075000,393.925000,481.526099,969.983534,-6.443328,-192.610439,-387.993414,2.577331,-28.920486,-58.257269,0.386987
48.800,400.000000,406.100000,393.900000,483.478796,971.851371,-4.400325,-193.391518,-388.740548,1.760130,-29.037766,-58.369452,0.264284
49.000,400.000000,406.125000,393.875000,485.431143,973.718544,-2.357318,-194.172457,-389.487417,0.942927,-29.155024,-58.481594,0.141581
49.200,400.000000,406.150000,393.850000,487.383137,975.585051,-0.314309,-194.953255,-390.234020,0.125724,-29.272260,-58.593697,0.018877
49.400,400.000000,406.175000,393.825000,489.334778,977.450892,1.728700,-195.733911,-390.980357,-0.691480,-29.389476,-58.705759,-0.103826
49.600,400.000000,406.200000,393.800000,491.286065,979.316065,3.771707,-196.514426,-391.726426,-1.508683,-29.506671,-58.817782,-0.226529
49.800,400.000000,406.225000,393.775000,493.236995,981.180571,5.814712,-197.294798,-392.472228,-2.325885,-29.623844,-58.929764,-0.349232
50.000,400.000000,406.250000,393.750000,495.187568,983.044407,7.857712,-198.075027,-393.217763,-3.143085,-29.740995,-59.041706,-0.471935
50.200,400.000000,406.275000,393.725000,497.137783,984.907574,9.900706,-198.855113,-393.963029,-3.960283,-29.858125,-59.153608,-0.594637
50.400,400.000000,406.300000,393.700000,499.087637,986.770069,11.943693,-199.635055,-394.708028,-4.777477,-29.975233,-59.265470,-0.717339
50.600,400.000000,406.325000,393.675000,501.037130,988.631892,13.986670,-200.414852,-395.452757,-5.594668,-30.092320,-59.377291,-0.840040
50.800,400.000000,406.350000,393.650000,502.986261,990.493042,16.029637,-201.194504,-396.197217,-6.411855,-30.209385,-59.489072,-0.962741
51.000,400.000000,406.375000,393.625000,504.935027,992.353519,18.072591,-201.974011,-396.941408,-7.229036,-30.326428,-59.600812,-1.085441
51.200,400.000000,406.400000,393.600000,506.883428,994.213321,20.115531,-202.753371,-397.685328,-8.046212,-30.443449,-59.712512,-1.208140
51.400,400.000000,406.425000,393.575000,508.831463,996.072447,22.158456,-203.532585,-398.428979,-8.863382,-30.560448,-59.824171,-1.330838
51.600,400.000000,406.450000,393.550000,510.779129,997.930896,24.201363,-204.311652,-399.172358,-9.680545,-30.677425,-59.935790,-1.453535
51.800,400.000000,406.475000,393.525000,512.726426,999.788668,26.244252,-205.090571,-399.915467,-10.497701,-30.794380,-60.047367,-1.576231
52.000,400.000000,406.500000,393.500000,514.673353,1001.645761,28.287121,-205.869341,-400.658304,-11.314848,-30.911312,-60.158905,-1.698926
52.200,400.000000,406.525000,393.475000,516.619908,1003.502175,30.329968,-206.647963,-401.400870,-12.131987,-31.028223,-60.270401,-1.821620
52.400,400.000000,406.550000,393.450000,518.566089,1005.357908,32.372792,-207.426436,-402.143163,-12.949117,-31.145110,-60.381856,-1.944312
52.600,400.000000,406.575000,393.425000,520.511897,1007.212960,34.415590,-208.204759,-402.885184,-13.766236,-31.261976,-60.493271,-2.067002
52.800,400.000000,406.600000,393.400000,522.457328,1009.067330,36.458362,-208.982931,-403.626932,-14.583345,-31.378818,-60.604644,-2.189691
53.000,400.000000,406.625000,393.375000,524.402382,1010.921016,38.501107,-209.760953,-404.368406,-15.400443,-31.495639,-60.715977,-2.312379
53.200,400.000000,406.650000,393.350000,526.347058,1012.774019,40.543821,-210.538823,-405.109607,-16.217528,-31.612436,-60.827268,-2.435064
53.400,400.000000,406.675000,393.325000,528.291354,1014.626336,42.586504,-211.316542,-405.850534,-17.034602,-31.729210,-60.938519,-2.557748
53.600,400.000000,406.700000,393.300000,530.235269,1016.477968,44.629155,-212.094108,-406.591187,-17.851662,-31.845962,-61.049728,-2.680430
53.800,400.000000,406.725000,393.275000,532.178802,1018.328912,46.671771,-212.871521,-407.331565,-18.668708,-31.962691,-61.160896,-2.803109
54.000,400.000000,406.750000,393.250000,534.121951,1020.179170,48.714351,-213.648780,-408.071668,-19.485740,-32.079396,-61.272022,-2.925787
54.200,400.000000,406.775000,393.225000,536.064715,1022.028738,50.756893,-214.425886,-408.811495,-20.302757,-32.196079,-61.383107,-3.048462
54.400,400.000000,406.800000,393.200000,538.007093,1023.877617,52.799396,-215.202837,-409.551047,-21.119759,-32.312738,-61.494151,-3.171135
54.600,400.000000,406.825000,393.175000,539.949083,1025.725805,54.841859,-215.979633,-410.290322,-21.936744,-32.429374,-61.605153,-3.293805
54.800,400.000000,406.850000,393.150000,541.890685,1027.573302,56.884280,-216.756274,-411.029321,-22.753712,-32.545987,-61.716114,-3.416473
55.000,400.000000,406.875000,393.125000,543.831897,1029.420107,58.926656,-217.532759,-411.768043,-23.570663,-32.662576,-61.827033,-3.539139
55.200,400.000000,406.900000,393.100000,545.772717,1031.266219,60.968988,-218.309087,-412.506487,-24.387595,-32.779142,-61.937911,-3.661801
55.400,400.000000,406.925000,393.075000,547.713144,1033.111636,63.011272,-219.085258,-413.244655,-25.204509,-32.895684,-62.048747,-3.784461
55.600,400.000000,406.950000,393.050000,549.653177,1034.956359,65.053508,-219.861271,-413.982544,-26.021403,-33.012203,-62.159541,-3.907118
55.800,400.000000,406.975000,393.025000,551.592815,1036.800386,67.095693,-220.637126,-414.720154,-26.838277,-33.128698,-62.270293,-4.029771
56.000,400.000000,407.000000,393.000000,553.532057,1038.643716,69.137827,-221.412823,-415.457486,-27.655131,-33.245169,-62.381004,-4.152422
56.200,400.000000,407.025000,392.975000,555.470901,1040.486348,71.179908,-222.188360,-416.194539,-28.471963,-33.361616,-62.491673,-4.275070
56.400,400.000000,407.050000,392.950000,557.409345,1042.328282,73.221934,-222.963738,-416.931313,-29.288774,-33.478039,-62.602299,-4.397714
56.600,400.000000,407.075000,392.925000,559.347389,1044.169517,75.263904,-223.738956,-417.667807,-30.105562,-33.594438,-62.712884,-4.520355
56.800,400.000000,407.100000,392.900000,561.285032,1046.010051,77.305815,-224.514013,-418.404021,-30.922326,-33.710813,-62.823427,-4.642992
57.000,400.000000,407.125000,392.875000,563.222271,1047.849885,79.347668,-225.288909,-419.139954,-31.739067,-33.827163,-62.933927,-4.765626
57.200,400.000000,407.150000,392.850000,565.159107,1049.689016,81.389459,-226.063643,-419.875606,-32.555783,-33.943490,-63.044385,-4.888256
57.400,400.000000,407.175000,392.825000,567.095536,1051.527444,83.431187,-226.838215,-420.610978,-33.372475,-34.059792,-63.154801,-5.010882
57.600,400.000000,407.200000,392.800000,569.031559,1053.365169,85.472851,-227.612624,-421.346068,-34.189140,-34.176070,-63.265175,-5.133505
57.800,400.000000,407.225000,392.775000,570.967174,1055.202189,87.514449,-228.386870,-422.080876,-35.005780,-34.292323,-63.375507,-5.256123
58.000,400.000000,407.250000,392.750000,572.902380,1057.038504,89.555980,-229.160952,-422.815401,-35.822392,-34.408551,-63.485796,-5.378738
58.200,400.000000,407.275000,392.725000,574.837174,1058.874112,91.597442,-229.934870,-423.549645,-36.638977,-34.524755,-63.596043,-5.501348
58.400,400.000000,407.300000,392.700000,576.771557,1060.709013,93.638834,-230.708623,-424.283605,-37.455533,-34.640934,-63.706247,-5.623954
58.600,400.000000,407.325000,392.675000,578.705527,1062.543206,95.680153,-231.482211,-425.017282,-38.272061,-34.757089,-63.816409,-5.746556
58.800,400.000000,407.350000,392.650000,580.639082,1064.376689,97.721399,-232.255633,-425.750676,-39.088560,-34.873218,-63.926528,-5.869153
59.000,400.000000,407.375000,392.625000,582.572222,1066.209464,99.762569,-233.028889,-426.483785,-39.905028,-34.989323,-64.036604,-5.991746
59.200,400.000000,407.400000,392.600000,584.504945,1068.041527,101.803663,-233.801978,-427.216611,-40.721465,-35.105402,-64.146638,-6.114334
59.400,400.000000,407.425000,392.575000,586.437249,1069.872879,103.844679,-234.574900,-427.949152,-41.537871,-35.221456,-64.256629,-6.236918
59.600,400.000000,407.450000,392.550000,588.369134,1071.703519,105.885614,-235.347654,-428.681407,-42.354246,-35.337486,-64.366578,-6.359496
59.800,400.000000,407.475000,392.525000,590.300599,1073.533445,107.926468,-236.120239,-429.413378,-43.170587,-35.453489,-64.476483,-6.482070
60.000,400.000000,407.500000,392.500000,592.231641,1075.362657,109.967239,-236.892656,-430.145063,-43.986896,-35.569468,-64.586346,-6.604639
