shell_mode,scenario,band,points,clear_ocean_pct,ambiguous_pct,false_stronger_pct,hidden_false_visible_pct,internal_feature_only_pct,surface_clutter_pct,outside_band_depth_window_pct,weak_no_deep_detection_pct,deep_false_risk_pct,surface_clutter_detected_pct,median_surface_clutter_snr_margin_db,max_surface_clutter_minus_ocean_db,median_ocean_snr_margin_db,min_ocean_snr_margin_db,max_false_minus_ocean_db,max_abs_inferred_depth_error_m,median_layer_count
thick_30km_reason_mode,briny_mushy_lens,HF_9MHz_full_depth,241,0.0,0.0,0.0,0.0,0.0,0.0,0.0,100.0,0.0,0.0,,,-21.46053571223415,-58.681710105869435,70.02467955590505,,1.0
thick_30km_reason_mode,briny_mushy_lens,VHF_60MHz_full_depth_lowDR,241,0.0,0.0,0.0,0.0,0.0,0.0,0.0,100.0,0.0,0.0,,,-76.90679227946654,-173.0090556204038,186.13739360229295,,1.0
thick_30km_reason_mode,briny_mushy_lens,VHF_60MHz_shallow,241,0.0,0.0,0.0,0.0,0.0,0.0,100.0,0.0,0.0,0.0,,,,,,,1.0
thick_30km_reason_mode,clean_ice_control,HF_9MHz_full_depth,241,100.0,0.0,0.0,0.0,0.0,0.0,0.0,0.0,0.0,0.0,,,6.234387129656021,5.865621644916452,-1004.8656216449165,0.0,0.0
thick_30km_reason_mode,clean_ice_control,VHF_60MHz_full_depth_lowDR,241,0.0,0.0,0.0,0.0,0.0,0.0,0.0,100.0,0.0,0.0,,,-5.407599017949069,-6.3762593942339345,-992.6237406057661,,0.0
thick_30km_reason_mode,clean_ice_control,VHF_60MHz_shallow,241,0.0,0.0,0.0,0.0,0.0,0.0,100.0,0.0,0.0,0.0,,,,,,,0.0
thick_30km_reason_mode,complex_paper_calibrated,HF_9MHz_full_depth,241,0.0,0.0,0.0,0.0,0.0,0.0,0.0,100.0,0.0,0.0,,,-65.40766021747987,-104.04282250282759,116.35812033579441,,11.0
thick_30km_reason_mode,complex_paper_calibrated,VHF_60MHz_full_depth_lowDR,241,0.0,0.0,0.0,0.0,0.0,0.0,0.0,100.0,0.0,0.0,,,-190.38689920271528,-290.1362012428661,313.6002568306232,,11.0
thick_30km_reason_mode,complex_paper_calibrated,VHF_60MHz_shallow,241,0.0,0.0,0.0,0.0,98.7551867219917,0.0,1.2448132780082988,0.0,0.0,0.0,,,,,,29964.598239714967,11.0
thick_30km_reason_mode,complex_with_clutter,HF_9MHz_full_depth,241,0.0,0.0,0.0,0.0,0.0,0.0,0.0,100.0,0.0,0.0,,,-65.40766021747987,-104.04282250282759,116.35812033579441,,11.0
thick_30km_reason_mode,complex_with_clutter,VHF_60MHz_full_depth_lowDR,241,0.0,0.0,0.0,0.0,0.0,0.0,0.0,100.0,0.0,71.36929460580913,1.8423406259815636,291.12309081150556,-190.38689920271528,-290.1362012428661,313.6002568306232,,11.0
thick_30km_reason_mode,complex_with_clutter,VHF_60MHz_shallow,241,0.0,0.0,0.0,0.0,0.0,100.0,0.0,0.0,0.0,100.0,6.842340625981564,,,,,28533.044521968728,11.0
thick_30km_reason_mode,near_surface_brine,HF_9MHz_full_depth,241,72.61410788381743,0.0,0.0,0.0,0.0,0.0,0.0,27.385892116182575,0.0,0.0,,,0.7535456101307383,-1.1767386575072054,13.462338472315261,0.0,1.0
thick_30km_reason_mode,near_surface_brine,VHF_60MHz_full_depth_lowDR,241,0.0,0.0,0.0,0.0,0.0,0.0,0.0,100.0,0.0,0.0,,,-19.550950666838133,-24.550190155864904,47.924490462459204,,1.0
thick_30km_reason_mode,near_surface_brine,VHF_60MHz_shallow,241,0.0,0.0,0.0,0.0,98.7551867219917,0.0,1.2448132780082988,0.0,0.0,0.0,,,,,,29964.598239714967,1.0
thick_30km_reason_mode,rough_surface_clutter,HF_9MHz_full_depth,241,100.0,0.0,0.0,0.0,0.0,0.0,0.0,0.0,0.0,0.0,,,6.234387129656021,5.865621644916452,-1004.8656216449165,0.0,0.0
thick_30km_reason_mode,rough_surface_clutter,VHF_60MHz_full_depth_lowDR,241,0.0,0.0,0.0,0.0,0.0,0.0,0.0,100.0,0.0,48.96265560165975,-0.08401046791567168,11.495724914879286,-5.407599017949069,-6.3762593942339345,-992.6237406057661,,0.0
thick_30km_reason_mode,rough_surface_clutter,VHF_60MHz_shallow,241,0.0,0.0,0.0,0.0,0.0,98.7551867219917,1.2448132780082988,0.0,0.0,98.7551867219917,4.915989532084328,,,,,28533.044521968728,0.0
thick_30km_reason_mode,salt_layers_reason,HF_9MHz_full_depth,241,100.0,0.0,0.0,0.0,0.0,0.0,0.0,0.0,0.0,0.0,,,6.23318712965602,5.864421644916451,-8.252250894680737,0.0,2.0
thick_30km_reason_mode,salt_layers_reason,VHF_60MHz_full_depth_lowDR,241,0.0,0.0,0.0,0.0,0.0,0.0,0.0,100.0,0.0,0.0,,,-5.4106974046260365,-6.379357780910902,12.944985640787383,,2.0
thick_30km_reason_mode,salt_layers_reason,VHF_60MHz_shallow,241,0.0,0.0,0.0,0.0,0.0,0.0,100.0,0.0,0.0,0.0,,,,,,,2.0
thick_30km_reason_mode,stacked_dirty_layers,HF_9MHz_full_depth,241,0.0,0.0,100.0,0.0,0.0,0.0,0.0,0.0,100.0,0.0,,,-19.54091545024109,-20.762812926727612,24.34284037319051,9065.037494768316,6.0
thick_30km_reason_mode,stacked_dirty_layers,VHF_60MHz_full_depth_lowDR,241,0.0,0.0,0.0,0.0,0.0,0.0,0.0,100.0,0.0,0.0,,,-71.94900438897017,-75.13027686730925,57.808790769817456,,6.0
thick_30km_reason_mode,stacked_dirty_layers,VHF_60MHz_shallow,241,0.0,0.0,0.0,0.0,0.0,0.0,100.0,0.0,0.0,0.0,,,,,,,6.0
thick_30km_reason_mode,warm_impure_ice,HF_9MHz_full_depth,241,0.0,0.0,0.0,0.0,0.0,0.0,0.0,100.0,0.0,0.0,,,-15.095348905756493,-15.824386440043867,-983.1756135599561,,0.0
thick_30km_reason_mode,warm_impure_ice,VHF_60MHz_full_depth_lowDR,241,0.0,0.0,0.0,0.0,0.0,0.0,0.0,100.0,0.0,0.0,,,-60.4687747810126,-62.37961945567097,-936.620380544329,,0.0
thick_30km_reason_mode,warm_impure_ice,VHF_60MHz_shallow,241,0.0,0.0,0.0,0.0,0.0,0.0,100.0,0.0,0.0,0.0,,,,,,,0.0
thin_3km_reason_mode,briny_mushy_lens,HF_9MHz_full_depth,241,70.12448132780082,0.0,0.0,0.0,0.0,0.0,0.0,29.87551867219917,0.0,0.0,,,10.79075820407636,-13.168660314359686,30.024707728765215,0.0,1.0
thin_3km_reason_mode,briny_mushy_lens,VHF_60MHz_full_depth_lowDR,241,56.43153526970954,0.0,0.0,0.0,0.0,0.0,0.0,43.56846473029046,0.0,0.0,,,6.354783401266367,-55.50012340520751,82.86239388613458,0.0,1.0
thin_3km_reason_mode,briny_mushy_lens,VHF_60MHz_shallow,241,31.12033195020747,0.0,0.0,0.0,0.0,0.0,0.0,68.87966804979253,0.0,0.0,,,-11.800299701184965,-73.65520650765885,82.86239388613458,0.0,1.0
thin_3km_reason_mode,clean_ice_control,HF_9MHz_full_depth,241,100.0,0.0,0.0,0.0,0.0,0.0,0.0,0.0,0.0,0.0,,,19.211941552283804,19.09382844932889,-1018.0938284493288,0.0,0.0
thin_3km_reason_mode,clean_ice_control,VHF_60MHz_full_depth_lowDR,241,100.0,0.0,0.0,0.0,0.0,0.0,0.0,0.0,0.0,0.0,,,28.103780069773165,27.778823708217402,-1026.7788237082175,0.0,0.0
thin_3km_reason_mode,clean_ice_control,VHF_60MHz_shallow,241,100.0,0.0,0.0,0.0,0.0,0.0,0.0,0.0,0.0,0.0,,,9.948696967321833,9.623740605766068,-1008.6237406057661,0.0,0.0
thin_3km_reason_mode,complex_paper_calibrated,HF_9MHz_full_depth,241,26.970954356846473,0.0,19.502074688796682,0.0,0.0,0.0,0.0,53.52697095435685,19.502074688796682,0.0,,,-1.1309146946444895,-27.046531329153627,39.35094556858683,776.454208319773,10.0
thin_3km_reason_mode,complex_paper_calibrated,VHF_60MHz_full_depth_lowDR,241,17.012448132780083,0.0,1.2448132780082988,0.0,0.0,0.0,0.0,81.74273858921161,1.2448132780082988,0.0,,,-24.420979116266892,-91.33263228594853,114.76858655603716,739.9139976471911,10.0
thin_3km_reason_mode,complex_paper_calibrated,VHF_60MHz_shallow,241,0.0,0.0,0.0,0.0,0.0,0.0,0.0,100.0,0.0,0.0,,,-42.57606221871823,-109.48771538839986,114.76858655603716,,10.0
thin_3km_reason_mode,complex_with_clutter,HF_9MHz_full_depth,241,26.970954356846473,0.0,19.502074688796682,0.0,0.0,0.0,0.0,53.52697095435685,19.502074688796682,0.0,,,-1.1309146946444895,-27.046531329153627,39.35094556858683,776.454208319773,10.0
thin_3km_reason_mode,complex_with_clutter,VHF_60MHz_full_depth_lowDR,241,17.012448132780083,0.0,1.2448132780082988,0.0,0.0,0.0,0.0,81.74273858921161,1.2448132780082988,71.36929460580913,1.8423406259815636,93.82804238377857,-24.420979116266892,-91.33263228594853,114.76858655603716,739.9139976471911,10.0
thin_3km_reason_mode,complex_with_clutter,VHF_60MHz_shallow,241,0.0,0.0,0.0,0.0,0.0,100.0,0.0,0.0,0.0,100.0,6.842340625981564,116.9831254862299,-42.57606221871823,-109.48771538839986,114.76858655603716,2077.91619340209,10.0
thin_3km_reason_mode,near_surface_brine,HF_9MHz_full_depth,241,100.0,0.0,0.0,0.0,0.0,0.0,0.0,0.0,0.0,0.0,,,13.749810510431352,12.028109000648513,0.24728456993938686,0.0,1.0
thin_3km_reason_mode,near_surface_brine,VHF_60MHz_full_depth_lowDR,241,100.0,0.0,0.0,0.0,0.0,0.0,0.0,0.0,0.0,0.0,,,13.989164527595527,9.54491679953442,13.803368007035822,0.0,1.0
thin_3km_reason_mode,near_surface_brine,VHF_60MHz_shallow,241,21.991701244813278,0.0,0.0,0.0,0.0,0.0,0.0,78.00829875518673,0.0,0.0,,,-4.165918574855804,-8.61016630291691,13.803368007035822,0.0,1.0
thin_3km_reason_mode,rough_surface_clutter,HF_9MHz_full_depth,241,100.0,0.0,0.0,0.0,0.0,0.0,0.0,0.0,0.0,0.0,,,19.211941552283804,19.09382844932889,-1018.0938284493288,0.0,0.0
thin_3km_reason_mode,rough_surface_clutter,VHF_60MHz_full_depth_lowDR,241,100.0,0.0,0.0,0.0,0.0,0.0,0.0,0.0,0.0,48.96265560165975,-0.08401046791567168,-22.659358187572046,28.103780069773165,27.778823708217402,-1026.7788237082175,0.0,0.0
thin_3km_reason_mode,rough_surface_clutter,VHF_60MHz_shallow,241,78.42323651452283,0.0,0.0,0.0,0.0,21.57676348547718,0.0,0.0,0.0,98.7551867219917,4.915989532084328,0.49572491487928616,9.948696967321833,9.623740605766068,-1008.6237406057661,1903.8866413882947,0.0
thin_3km_reason_mode,salt_layers_reason,HF_9MHz_full_depth,241,100.0,0.0,0.0,0.0,0.0,0.0,0.0,0.0,0.0,0.0,,,19.210941552283806,19.09282844932889,-16.080457699093177,0.0,1.0
thin_3km_reason_mode,salt_layers_reason,VHF_60MHz_full_depth_lowDR,241,100.0,0.0,0.0,0.0,0.0,0.0,0.0,0.0,0.0,0.0,,,28.101198080875697,27.776241719319927,-16.722706903577667,0.0,1.0
thin_3km_reason_mode,salt_layers_reason,VHF_60MHz_shallow,241,100.0,0.0,0.0,0.0,0.0,0.0,0.0,0.0,0.0,0.0,,,9.946114978424362,9.621158616868597,-16.722706903577674,0.0,1.0
thin_3km_reason_mode,stacked_dirty_layers,HF_9MHz_full_depth,241,0.0,0.0,100.0,0.0,0.0,0.0,0.0,0.0,100.0,0.0,,,12.988476710860773,12.225034301439571,5.046567336162367,805.7037494768315,6.0
thin_3km_reason_mode,stacked_dirty_layers,VHF_60MHz_full_depth_lowDR,241,0.0,0.0,100.0,0.0,0.0,0.0,0.0,0.0,100.0,0.0,,,12.024575564792706,10.043978427308101,8.0409993414054,893.7037494768313,6.0
thin_3km_reason_mode,stacked_dirty_layers,VHF_60MHz_shallow,241,0.0,0.0,44.81327800829876,0.0,0.0,0.0,0.0,55.18672199170125,44.81327800829876,0.0,,,-6.130507537658625,-8.111104675143233,8.040999341405396,893.7037494768313,6.0
thin_3km_reason_mode,warm_impure_ice,HF_9MHz_full_depth,241,100.0,0.0,0.0,0.0,0.0,0.0,0.0,0.0,0.0,0.0,,,17.06939700797484,16.927618396211418,-1015.9276183962114,0.0,0.0
thin_3km_reason_mode,warm_impure_ice,VHF_60MHz_full_depth_lowDR,241,100.0,0.0,0.0,0.0,0.0,0.0,0.0,0.0,0.0,0.0,,,22.563493645975502,22.1856934014767,-1021.1856934014767,0.0,0.0
thin_3km_reason_mode,warm_impure_ice,VHF_60MHz_shallow,241,100.0,0.0,0.0,0.0,0.0,0.0,0.0,0.0,0.0,0.0,,,4.40841054352417,4.030610299025368,-1003.0306102990254,0.0,0.0
workbook_mid_shell,briny_mushy_lens,HF_9MHz_full_depth,241,32.365145228215766,0.0,0.0,0.0,0.0,0.0,0.0,67.63485477178423,0.0,0.0,,,-4.042813059119362,-40.97499893804375,55.424404717894234,0.0,1.0
workbook_mid_shell,briny_mushy_lens,VHF_60MHz_full_depth_lowDR,241,0.0,0.0,0.0,0.0,0.0,0.0,0.0,100.0,0.0,0.0,,,-31.936326629019376,-127.2905239743413,148.43964607051487,,1.0
workbook_mid_shell,briny_mushy_lens,VHF_60MHz_shallow,241,0.0,0.0,0.0,0.0,0.0,0.0,100.0,0.0,0.0,0.0,,,,,,,1.0
workbook_mid_shell,clean_ice_control,HF_9MHz_full_depth,241,100.0,0.0,0.0,0.0,0.0,0.0,0.0,0.0,0.0,0.0,,,13.40080455006378,12.715332947375137,-1011.7153329473751,0.0,0.0
workbook_mid_shell,clean_ice_control,VHF_60MHz_full_depth_lowDR,241,100.0,0.0,0.0,0.0,0.0,0.0,0.0,0.0,0.0,0.0,,,13.09246486595454,11.313733392268531,-1010.3137333922685,0.0,0.0
workbook_mid_shell,clean_ice_control,VHF_60MHz_shallow,241,0.0,0.0,0.0,0.0,0.0,0.0,100.0,0.0,0.0,0.0,,,,,,,0.0
workbook_mid_shell,complex_paper_calibrated,HF_9MHz_full_depth,241,0.0,0.0,1.2448132780082988,0.0,0.0,0.0,0.0,98.7551867219917,1.2448132780082988,0.0,,,-31.000408167486565,-68.9711100032709,81.29898128385447,3727.275072286864,11.0
workbook_mid_shell,complex_paper_calibrated,VHF_60MHz_full_depth_lowDR,241,0.0,0.0,0.0,0.0,0.0,0.0,0.0,100.0,0.0,0.0,,,-101.53625971260045,-199.57617191713987,223.07794904360082,,11.0
workbook_mid_shell,complex_paper_calibrated,VHF_60MHz_shallow,241,0.0,0.0,0.0,0.0,98.7551867219917,0.0,1.2448132780082988,0.0,0.0,0.0,,,,,,15988.852422968452,11.0
workbook_mid_shell,complex_with_clutter,HF_9MHz_full_depth,241,0.0,0.0,1.2448132780082988,0.0,0.0,0.0,0.0,98.7551867219917,1.2448132780082988,0.0,,,-31.000408167486565,-68.9711100032709,81.29898128385447,3727.275072286864,11.0
workbook_mid_shell,complex_with_clutter,VHF_60MHz_full_depth_lowDR,241,0.0,0.0,0.0,0.0,0.0,0.0,0.0,100.0,0.0,71.36929460580913,1.8423406259815636,200.30166398959653,-101.53625971260045,-199.57617191713987,223.07794904360082,,11.0
workbook_mid_shell,complex_with_clutter,VHF_60MHz_shallow,241,0.0,0.0,0.0,0.0,0.0,100.0,0.0,0.0,0.0,100.0,6.842340625981564,,,,,13805.806421824625,11.0
workbook_mid_shell,near_surface_brine,HF_9MHz_full_depth,241,100.0,0.0,0.0,0.0,0.0,0.0,0.0,0.0,0.0,0.0,,,7.805770901734578,6.1240870397628475,6.152109573386319,0.0,1.0
workbook_mid_shell,near_surface_brine,VHF_60MHz_full_depth_lowDR,241,35.684647302904565,0.0,0.0,0.0,0.0,0.0,0.0,64.31535269709543,0.0,0.0,,,-1.3524206724738486,-5.699539263138199,29.049560607448566,0.0,1.0
workbook_mid_shell,near_surface_brine,VHF_60MHz_shallow,241,0.0,0.0,0.0,0.0,98.7551867219917,0.0,1.2448132780082988,0.0,0.0,0.0,,,,,,15988.852422968452,1.0
workbook_mid_shell,rough_surface_clutter,HF_9MHz_full_depth,241,100.0,0.0,0.0,0.0,0.0,0.0,0.0,0.0,0.0,0.0,,,13.40080455006378,12.715332947375137,-1011.7153329473751,0.0,0.0
workbook_mid_shell,rough_surface_clutter,VHF_60MHz_full_depth_lowDR,241,100.0,0.0,0.0,0.0,0.0,0.0,0.0,0.0,0.0,48.96265560165975,-0.08401046791567168,-6.234553175246813,13.09246486595454,11.313733392268531,-1010.3137333922685,0.0,0.0
workbook_mid_shell,rough_surface_clutter,VHF_60MHz_shallow,241,0.0,0.0,0.0,0.0,0.0,98.7551867219917,1.2448132780082988,0.0,0.0,98.7551867219917,4.915989532084328,,,,,13799.29826501482,0.0
workbook_mid_shell,salt_layers_reason,HF_9MHz_full_depth,241,100.0,0.0,0.0,0.0,0.0,0.0,0.0,0.0,0.0,0.0,,,13.39960455006378,12.714132947375136,-12.292943039979116,0.0,2.0
workbook_mid_shell,salt_layers_reason,VHF_60MHz_full_depth_lowDR,241,100.0,0.0,0.0,0.0,0.0,0.0,0.0,0.0,0.0,0.0,,,13.089366479277572,11.310635005591564,-4.68655505289172,0.0,2.0
workbook_mid_shell,salt_layers_reason,VHF_60MHz_shallow,241,0.0,0.0,0.0,0.0,0.0,0.0,100.0,0.0,0.0,0.0,,,,,,,2.0
workbook_mid_shell,stacked_dirty_layers,HF_9MHz_full_depth,241,0.0,0.0,100.0,0.0,0.0,0.0,0.0,0.0,100.0,0.0,,,-1.8535966844733145,-3.321346348162084,13.769067990884938,4500.190822477653,6.0
workbook_mid_shell,stacked_dirty_layers,VHF_60MHz_full_depth_lowDR,241,0.0,0.0,78.83817427385893,0.0,0.0,0.0,0.0,21.16182572614108,78.83817427385893,0.0,,,-26.296021546933115,-30.08007174448618,30.562145311462864,4588.190822477653,6.0
workbook_mid_shell,stacked_dirty_layers,VHF_60MHz_shallow,241,0.0,0.0,0.0,0.0,0.0,0.0,100.0,0.0,0.0,0.0,,,,,,,6.0
workbook_mid_shell,warm_impure_ice,HF_9MHz_full_depth,241,100.0,0.0,0.0,0.0,0.0,0.0,0.0,0.0,0.0,0.0,,,2.708176926742463,1.1041676472918973,-1000.1041676472919,0.0,0.0
workbook_mid_shell,warm_impure_ice,VHF_60MHz_full_depth_lowDR,241,0.0,0.0,0.0,0.0,0.0,0.0,0.0,100.0,0.0,0.0,,,-14.500268745651267,-18.666166499254018,-980.333833500746,,0.0
workbook_mid_shell,warm_impure_ice,VHF_60MHz_shallow,241,0.0,0.0,0.0,0.0,0.0,0.0,100.0,0.0,0.0,0.0,,,,,,,0.0
