along_km,terrain_candidate_band,flat_beam_candidate_band,nadir_only_flat_band,terrain_minus_flat_excess
0.0,18637.017840649278,92.39418419015352,0.0019734361795794787,18544.623656459124
0.5,18678.987797950456,93.6313800801001,0.0019734361795794787,18585.356417870356
1.0,18842.945407213894,94.88762313597137,0.0019734361795794787,18748.057784077922
1.5,19116.9894811606,96.13486081606297,0.0019734361795794787,19020.854620344537
2.0,19263.7963518162,97.37483877052931,0.0019734361795794787,19166.42151304567
2.5,19417.657266970316,98.62609567430144,0.0019734361795794787,19319.031171296014
3.0,19593.660806838703,99.75304803941816,0.0019734361795794787,19493.907758799283
3.5,19811.5395273937,100.87629213317432,0.0019734361795794787,19710.663235260527
4.0,20101.70405647937,101.9959344978694,0.0019734361795794787,19999.7081219815
4.5,20388.81804390122,103.2349543360981,0.0019734361795794787,20285.583089565123
5.0,20606.905342773385,104.48295310671516,0.0019734361795794787,20502.42238966667
5.5,20876.884266439098,105.73228545168686,0.0019734361795794787,20771.15198098741
6.0,20993.38480980978,106.85715210837196,0.0019734361795794787,20886.52765770141
6.5,21249.009452096216,108.10535346190971,0.0019734361795794787,21140.904098634306
7.0,21460.66073705478,109.34997211749332,0.0019734361795794787,21351.310764937287
7.5,21682.73349283248,110.60102297697534,0.0019734361795794787,21572.132469855507
8.0,21976.962416685717,111.84382847521833,0.0019734361795794787,21865.1185882105
8.5,22235.39934870551,113.09008553609661,0.0019734361795794787,22122.309263169413
9.0,22500.86572436301,114.3280535709809,0.0019734361795794787,22386.53767079203
9.5,22837.34459937084,115.57922322679018,0.0019734361795794787,22721.765376144052
10.0,23172.14053804335,116.82123126297566,0.0019734361795794787,23055.319306780373
10.5,23441.863777330247,118.19021298942636,0.0019734361795794787,23323.67356434082
11.0,23831.134632429512,119.44222125876082,0.0019734361795794787,23711.692411170752
11.5,24225.20055977622,120.8260608010822,0.0019734361795794787,24104.37449897514
12.0,24599.26272987573,122.18757755802703,0.0019734361795794787,24477.075152317702
12.5,25036.03462736822,123.56146501848033,0.0019734361795794787,24912.47316234974
13.0,25474.37763661657,124.9211159677699,0.0019734361795794787,25349.4565206488
13.5,25877.634063752645,126.42709391528628,0.0019734361795794787,25751.20696983736
14.0,26291.63605649123,127.80450665254871,0.0019734361795794787,26163.83154983868
14.5,26640.657689686665,129.16232183799275,0.0019734361795794787,26511.49536784867
15.0,27138.655123957855,130.65588212256628,0.0019734361795794787,27007.99924183529
15.5,27656.04273460439,132.15939658141355,0.0019734361795794787,27523.883338022977
16.0,28018.406248173058,133.65327589747733,0.0019734361795794787,27884.75297227558
16.5,28328.234897371123,135.27879261494746,0.0019734361795794787,28192.956104756177
17.0,28700.099697355156,136.8897645248611,0.0019734361795794787,28563.209932830294
17.5,29138.940434041026,138.51011218199983,0.0019734361795794787,29000.430321859025
18.0,29615.220608742813,140.24945387134812,0.0019734361795794787,29474.971154871466
18.5,30001.60788045827,142.00715276503874,0.0019734361795794787,29859.60072769323
19.0,30353.889582539712,143.88635616398315,0.0019734361795794787,30210.003226375728
19.5,30780.91202134071,145.76201923240785,0.0019734361795794787,30635.150002108305
20.0,31191.189374833895,147.74924656817376,0.0019734361795794787,31043.44012826572
20.5,31606.699943159332,149.87205704149568,0.0019734361795794787,31456.827886117837
21.0,32104.226108521616,152.24620669621595,0.0019734361795794787,31951.9799018254
21.5,32788.07980046481,154.87574864787132,0.0019734361795794787,32633.204051816938
22.0,33574.11175043962,157.75101437665614,0.0019734361795794787,33416.36073606296
22.5,34320.49616212738,161.58633403087632,0.0019734361795794787,34158.909828096504
23.0,34967.45503448735,165.14891696670577,0.0019734361795794787,34802.306117520646
23.5,35568.08839397139,168.57832454055142,0.0019734361795794787,35399.510069430835
24.0,36126.949863093134,171.75152151744453,0.0019734361795794787,35955.19834157569
24.5,36647.87526934096,174.65444869250103,0.0019734361795794787,36473.220820648465
25.0,37246.8333977744,177.30166261294082,0.0019734361795794787,37069.53173516146
25.5,37618.53755927197,179.57508006335263,0.0019734361795794787,37438.96247920862
26.0,37972.49923338179,181.47183764360233,0.0019734361795794787,37791.027395738194
26.5,38069.31952336637,182.87979565398902,0.0019734361795794787,37886.439727712386
27.0,38138.79956023593,183.5368634848762,0.0019734361795794787,37955.26269675105
27.5,38176.043120736715,183.54775720941845,0.0019734361795794787,37992.4953635273
28.0,38246.59169537899,183.5376554038809,0.0019734361795794787,38063.05403997511
28.5,38249.35451414053,183.54657878211108,0.0019734361795794787,38065.80793535842
29.0,38306.36500589585,183.5461204936996,0.0019734361795794787,38122.81888540215
29.5,38270.79524793529,183.5365056602401,0.0019734361795794787,38087.25874227505
30.0,38361.490056332244,183.5421840830279,0.0019734361795794787,38177.94787224921
30.5,38345.23173360101,183.54871184324847,0.0019734361795794787,38161.68302175776
31.0,38368.9777743238,183.54404008813236,0.0019734361795794787,38185.43373423567
31.5,38340.10270629837,183.53792869472454,0.0019734361795794787,38156.56477760365
32.0,38202.817090014185,183.5424562019786,0.0019734361795794787,38019.27463381221
32.5,38305.472317771346,183.54191514824632,0.0019734361795794787,38121.9304026231
33.0,38351.08498594772,183.5474812039524,0.0019734361795794787,38167.53750474376
33.5,38403.366687164504,183.54732526333495,0.0019734361795794787,38219.819361901165
34.0,38465.703918948595,183.539270650303,0.0019734361795794787,38282.16464829829
34.5,38609.305340977364,183.5402419638087,0.0019734361795794787,38425.76509901355
35.0,38638.76014000964,183.54413334080698,0.0019734361795794787,38455.21600666883
35.5,38630.60467687374,183.54497169840022,0.0019734361795794787,38447.05970517534
36.0,38597.06949422653,183.53888147942286,0.0019734361795794787,38413.53061274711
36.5,38655.975025344946,183.54468714584536,0.0019734361795794787,38472.4303381991
37.0,38746.04499311541,183.53868713803746,0.0019734361795794787,38562.50630597737
37.5,38760.9532503798,183.53720039828116,0.0019734361795794787,38577.41604998151
38.0,38789.26036974743,183.54637343165246,0.0019734361795794787,38605.71399631578
38.5,38755.072029851326,183.55228568561077,0.0019734361795794787,38571.519744165715
39.0,38788.20449131536,183.53728042228988,0.0019734361795794787,38604.667210893065
39.5,38857.915774950496,183.5317634838845,0.0019734361795794787,38674.38401146661
40.0,38893.73071151875,183.5496626459657,0.0019734361795794787,38710.181048872786
40.5,38930.57226424699,183.54353197626682,0.0019734361795794787,38747.02873227072
41.0,39025.31777909279,183.54338275966813,0.0019734361795794787,38841.774396333116
41.5,38987.29617901802,183.53941276766824,0.0019734361795794787,38803.75676625035
42.0,39056.356576427126,183.5342265591007,0.0019734361795794787,38872.82234986802
42.5,39041.66174864616,183.5409252259742,0.0019734361795794787,38858.12082342019
43.0,38903.89043042701,183.5501283962033,0.0019734361795794787,38720.34030203081
43.5,39112.72802283653,183.5432243379646,0.0019734361795794787,38929.184798498565
44.0,39080.23434475172,183.54941752810117,0.0019734361795794787,38896.68492722362
44.5,39162.23900074704,183.54700637605873,0.0019734361795794787,38978.69199437098
45.0,39022.199655054595,183.53686626303525,0.0019734361795794787,38838.66278879156
45.5,39102.88932186951,183.5394902632286,0.0019734361795794787,38919.34983160628
46.0,39337.69339531379,183.536432970681,0.0019734361795794787,39154.15696234311
46.5,39354.52098992123,183.5471381088604,0.0019734361795794787,39170.97385181237
47.0,39363.081373080735,183.54137332884446,0.0019734361795794787,39179.53999975189
47.5,39251.27792506065,183.54910221058827,0.0019734361795794787,39067.72882285006
48.0,39221.11986052985,183.54224925548178,0.0019734361795794787,39037.57761127437
48.5,39233.30434364617,183.55259825973823,0.0019734361795794787,39049.75174538643
49.0,39216.71371434392,183.5475267257236,0.0019734361795794787,39033.1661876182
49.5,39344.10882642911,183.54779904798315,0.0019734361795794787,39160.561027381125
50.0,39354.06043682603,183.54210643318584,0.0019734361795794787,39170.51833039285
50.5,39326.264768240035,183.54923971293908,0.0019734361795794787,39142.71552852709
51.0,39379.636200373665,183.54133240561626,0.0019734361795794787,39196.09486796805
51.5,39370.999922561525,183.53344216705327,0.0019734361795794787,39187.46648039447
52.0,39363.389365826944,183.54051202050488,0.0019734361795794787,39179.84885380644
52.5,39259.57092605823,183.5353675626325,0.0019734361795794787,39076.0355584956
53.0,39268.217222911975,183.5402597495164,0.0019734361795794787,39084.676963162456
53.5,39362.800533709706,183.54302835108504,0.0019734361795794787,39179.25750535862
54.0,39408.01519706062,183.5462723332309,0.0019734361795794787,39224.468924727385
54.5,39418.72497396372,183.5355641201525,0.0019734361795794787,39235.189409843566
55.0,39380.86543146928,183.54474695270594,0.0019734361795794787,39197.32068451658
55.5,39366.878804098145,183.54095787823107,0.0019734361795794787,39183.33784621991
56.0,39404.96693405229,183.54419071522864,0.0019734361795794787,39221.42274333706
56.5,39363.31813222384,183.54248988460196,0.0019734361795794787,39179.775642339235
57.0,39294.92988744466,183.5341107875871,0.0019734361795794787,39111.395776657075
57.5,39230.17115326979,183.5417922278434,0.0019734361795794787,39046.629361041945
58.0,39252.96337043234,183.5483194533233,0.0019734361795794787,39069.41505097902
58.5,39217.29046248901,183.54298146696857,0.0019734361795794787,39033.74748102204
59.0,39182.283170516086,183.54235985366643,0.0019734361795794787,38998.74081066242
59.5,39181.23336747385,183.53865923661382,0.0019734361795794787,38997.694708237235
60.0,39156.10199641502,183.54099337156393,0.0019734361795794787,38972.561003043455
60.5,39042.867243108085,183.54323911227252,0.0019734361795794787,38859.32400399581
61.0,38911.92738059884,183.54007777616263,0.0019734361795794787,38728.38730282268
61.5,38897.72064696275,183.54963267468008,0.0019734361795794787,38714.17101428807
62.0,38805.26515755473,183.5466515668534,0.0019734361795794787,38621.718505987876
62.5,38756.52327068815,183.53987246084515,0.0019734361795794787,38572.983398227305
63.0,38651.05423390527,183.54190596247278,0.0019734361795794787,38467.5123279428
63.5,38606.796857601,183.5466236930231,0.0019734361795794787,38423.25023390798
64.0,38565.91938897576,183.53470917109178,0.0019734361795794787,38382.384679804665
64.5,38436.91738143866,183.5522276120622,0.0019734361795794787,38253.3651538266
65.0,38483.133595015424,183.53952603899236,0.0019734361795794787,38299.59406897643
65.5,38460.978597277135,183.53631719865987,0.0019734361795794787,38277.442280078474
66.0,38422.75564750997,183.5363813026125,0.0019734361795794787,38239.21926620736
66.5,38458.59957967447,183.53889479192517,0.0019734361795794787,38275.06068488254
67.0,38417.06436368941,183.54494985334645,0.0019734361795794787,38233.51941383606
67.5,38389.75464394834,183.5407749204244,0.0019734361795794787,38206.21386902792
68.0,38339.73936890205,183.54000369359085,0.0019734361795794787,38156.19936520846
68.5,38225.57380722697,183.54363810636335,0.0019734361795794787,38042.030169120604
69.0,38096.179080617985,183.54455462643202,0.0019734361795794787,37912.634525991554
69.5,38085.44855464019,183.54241323867248,0.0019734361795794787,37901.906141401516
70.0,38021.046646981406,183.54243907560698,0.0019734361795794787,37837.5042079058
70.5,37988.034343705775,183.54563211230519,0.0019734361795794787,37804.48871159347
71.0,37929.06834819934,183.54494831018832,0.0019734361795794787,37745.52339988915
71.5,37822.62865593592,183.54827004828027,0.0019734361795794787,37639.08038588764
72.0,37716.88334579114,183.54316325930512,0.0019734361795794787,37533.340182531836
72.5,37690.20841025219,183.54313535252763,0.0019734361795794787,37506.665274899664
73.0,37641.74955513259,183.54045962236913,0.0019734361795794787,37458.209095510225
73.5,37646.95220636762,183.54726486833846,0.0019734361795794787,37463.404941499284
74.0,37663.40280717139,183.54378873783406,0.0019734361795794787,37479.859018433555
74.5,37662.076174207315,183.53951065002747,0.0019734361795794787,37478.53666355729
75.0,37632.47632779135,183.54326174147155,0.0019734361795794787,37448.93306604988
75.5,37579.944161939544,183.54166212049634,0.0019734361795794787,37396.40249981905
76.0,37532.703000040776,183.54334566579314,0.0019734361795794787,37349.159654374984
76.5,37472.515486777884,183.54356498417337,0.0019734361795794787,37288.97192179371
77.0,37458.134929457636,183.54529738185698,0.0019734361795794787,37274.58963207578
77.5,37339.930793981344,183.552672053413,0.0019734361795794787,37156.37812192793
78.0,37309.012422524975,183.5420518648978,0.0019734361795794787,37125.47037066008
78.5,37274.83658466361,183.5485963452896,0.0019734361795794787,37091.28798831832
79.0,37258.53065200209,183.54264402163864,0.0019734361795794787,37074.98800798045
79.5,37243.57684124186,183.54687265941786,0.0019734361795794787,37060.02996858244
80.0,37243.64502233489,183.53570859983466,0.0019734361795794787,37060.109313735054
80.5,37232.43063014408,183.547127228037,0.0019734361795794787,37048.88350291605
81.0,37255.50653535127,183.54078410326676,0.0019734361795794787,37071.965751248004
81.5,37230.622780841244,183.539815214266,0.0019734361795794787,37047.08296562698
82.0,37121.99798803414,183.54145078588337,0.0019734361795794787,36938.45653724826
82.5,37104.726245259706,183.54455379470468,0.0019734361795794787,36921.181691465004
83.0,36982.41242961783,183.54340464786398,0.0019734361795794787,36798.869024969965
83.5,36854.48916601913,183.53830740185538,0.0019734361795794787,36670.950858617274
84.0,36923.890214023835,183.54388788230008,0.0019734361795794787,36740.34632614154
84.5,36816.54148335076,183.5411188624419,0.0019734361795794787,36633.00036448832
85.0,36813.42883031044,183.53908185889165,0.0019734361795794787,36629.88974845155
85.5,36808.8173585281,183.5419342757888,0.0019734361795794787,36625.27542425231
86.0,36770.069584460645,183.54387433996223,0.0019734361795794787,36586.52571012068
86.5,36736.77083690985,183.54334973093174,0.0019734361795794787,36553.22748717891
87.0,36706.68737643203,183.54446205234345,0.0019734361795794787,36523.14291437969
87.5,36680.27309967804,183.54437746152138,0.0019734361795794787,36496.72872221652
88.0,36691.300371014135,183.547091731036,0.0019734361795794787,36507.7532792831
88.5,36695.674024386186,183.54539500339197,0.0019734361795794787,36512.128629382794
89.0,36744.753545986714,183.54145128969932,0.0019734361795794787,36561.21209469702
89.5,36672.133316219326,183.5445390623805,0.0019734361795794787,36488.58877715695
90.0,36655.02664454837,183.53499678199336,0.0019734361795794787,36471.49164776638
90.5,36621.88480688368,183.54116376731315,0.0019734361795794787,36438.34364311637
91.0,36587.67539473085,183.54032477577485,0.0019734361795794787,36404.13506995508
91.5,36568.670089200015,183.53878072895597,0.0019734361795794787,36385.13130847106
92.0,36549.8716984086,183.53793486397848,0.0019734361795794787,36366.33376354462
92.5,36565.93124099756,183.54054076481063,0.0019734361795794787,36382.39070023275
93.0,36395.28463901807,183.54684776804643,0.0019734361795794787,36211.73779125002
93.5,36219.68777262692,182.8826888291035,0.0019734361795794787,36036.80508379782
94.0,36053.247735101984,181.47676181292957,0.0019734361795794787,35871.77097328906
94.5,35662.15524702079,179.57711595421083,0.0019734361795794787,35482.57813106658
95.0,35100.67031477482,177.31155679842885,0.0019734361795794787,34923.35875797639
95.5,34560.78138973972,174.649966727727,0.0019734361795794787,34386.131423012
96.0,33984.583353083646,171.7531697453146,0.0019734361795794787,33812.83018333833
96.5,33373.08203035661,168.58243476983827,0.0019734361795794787,33204.49959558677
97.0,32700.071563212285,165.1538747358218,0.0019734361795794787,32534.917688476464
97.5,32036.84731158928,161.5865341178844,0.0019734361795794787,31875.260777471398
98.0,31349.28829570218,157.75660019369394,0.0019734361795794787,31191.531695508485
98.5,30728.33194583816,154.87247128586495,0.0019734361795794787,30573.459474552295
99.0,30331.731441030235,152.24701459756767,0.0019734361795794787,30179.484426432668
99.5,29886.632186704443,149.87836211933575,0.0019734361795794787,29736.753824585106
100.0,29448.519987695225,147.74808471303274,0.0019734361795794787,29300.771902982193
100.5,29136.905147142465,145.74713527800176,0.0019734361795794787,28991.158011864463
101.0,28748.128393622337,143.8801999963285,0.0019734361795794787,28604.24819362601
101.5,28353.64488132639,142.0153906069107,0.0019734361795794787,28211.62949071948
102.0,27985.5406047103,140.2608217134424,0.0019734361795794787,27845.279782996855
102.5,27587.29445709771,138.51757659306114,0.0019734361795794787,27448.776880504647
103.0,27302.082694140485,136.88790551656513,0.0019734361795794787,27165.19478862392
103.5,26993.14257913183,135.2655852850356,0.0019734361795794787,26857.876993846792
104.0,26608.255197195875,133.65425845814917,0.0019734361795794787,26474.600938737727
104.5,26193.780675512902,132.14745430944205,0.0019734361795794787,26061.63322120346
105.0,25825.483734097284,130.6608175434036,0.0019734361795794787,25694.82291655388
105.5,25400.312410623676,129.16545366844528,0.0019734361795794787,25271.146956955232
106.0,24949.136490863424,127.7894778859249,0.0019734361795794787,24821.347012977498
106.5,24595.476253440513,126.41587119392752,0.0019734361795794787,24469.060382246586
107.0,24258.183700512363,124.9286396260868,0.0019734361795794787,24133.255060886277
107.5,23914.388726237885,123.56155791221167,0.0019734361795794787,23790.82716832567
108.0,23587.098660566073,122.1768269505853,0.0019734361795794787,23464.921833615488
108.5,23291.92309055032,120.81456475219024,0.0019734361795794787,23171.108525798132
109.0,23025.987891683206,119.44869635109512,0.0019734361795794787,22906.539195332112
109.5,22797.08632667083,118.19329135825755,0.0019734361795794787,22678.893035312572
110.0,22625.165101288156,116.82773809106673,0.0019734361795794787,22508.33736319709
110.5,22406.29766431337,115.58537631321602,0.0019734361795794787,22290.712288000155
111.0,22226.784076723736,114.3398247383855,0.0019734361795794787,22112.44425198535
111.5,22075.270659750575,113.08594202323688,0.0019734361795794787,21962.184717727338
112.0,21807.838210736278,111.84431594126832,0.0019734361795794787,21695.99389479501
112.5,21590.15395685365,110.59365712082258,0.0019734361795794787,21479.560299732828
113.0,21420.651097983035,109.34759545314895,0.0019734361795794787,21311.303502529885
113.5,21258.16248028668,108.10806112304273,0.0019734361795794787,21150.054419163636
114.0,21020.917690346952,106.85287585533152,0.0019734361795794787,20914.06481449162
114.5,20961.213260318367,105.72823973281648,0.0019734361795794787,20855.48502058555
115.0,20745.311694793963,104.48440755066325,0.0019734361795794787,20640.8272872433
115.5,20587.69691151197,103.23761421925268,0.0019734361795794787,20484.459297292717
116.0,20528.681322406876,102.00061104241603,0.0019734361795794787,20426.68071136446
116.5,20375.190200133224,100.86735947916564,0.0019734361795794787,20274.32284065406
117.0,20214.063843268577,99.75502298915521,0.0019734361795794787,20114.30882027942
117.5,20049.201718910164,98.6218540399545,0.0019734361795794787,19950.57986487021
118.0,19898.29729757404,97.38112697546248,0.0019734361795794787,19800.91617059858
118.5,19689.878104487547,96.1449989980868,0.0019734361795794787,19593.73310548946
119.0,19482.703815079225,94.8976951772379,0.0019734361795794787,19387.806119901987
119.5,19315.418734199502,93.64397632300452,0.0019734361795794787,19221.774757876497
120.0,19082.69038525024,92.39774473512746,0.0019734361795794787,18990.292640515112
