band,frequency_mhz,wavelength_m,altitude_km,depth_km,look_angle_deg,doppler_edge_hz,min_prf_hz,max_prf_hz,two_way_us,listen_window_us,usable
HF,9.0,33.31027311111111,25.0,0.0,0.0,0.0,0.0,2619.2955019460173,166.78204759907604,381.782047599076,True
HF,9.0,33.31027311111111,25.0,0.25,10.731276489279097,51.42759881440571,128.56899703601428,2599.0851300381537,169.75076804633957,384.75076804633954,True
HF,9.0,33.31027311111111,25.0,0.5,15.066717338530044,71.79410934942699,179.48527337356748,2579.1842547953293,172.71948849360314,387.71948849360314,True
HF,9.0,33.31027311111111,25.0,0.75,18.321605818805523,86.8207887882215,217.05197197055378,2559.5858209054804,175.68820894086667,390.6882089408667,True
HF,9.0,33.31027311111111,25.0,1.0,21.00766323109466,99.01251347092281,247.53128367730704,2540.2829858839837,178.65692938813024,393.65692938813027,True
HF,9.0,33.31027311111111,25.0,1.25,23.325008550463988,109.35684633143505,273.39211582858763,2521.269112108651,181.62564983539377,396.6256498353938,True
HF,9.0,33.31027311111111,25.0,1.5,25.377241167248222,118.36894165637892,295.9223541409473,2502.537759209769,184.59437028265734,399.59437028265734,True
HF,9.0,33.31027311111111,25.0,1.75,27.226476717926264,126.35986825082969,315.8996706270742,2484.0826767968624,187.5630907299209,402.5630907299209,True
HF,9.0,33.31027311111111,25.0,2.0,28.913558294267833,133.53549293210796,333.83873233026986,2465.8977975049197,190.53181117718444,405.5318111771844,True
HF,9.0,33.31027311111111,25.0,2.25,30.467110747228524,140.04093749858762,350.10234374646905,2447.977230343834,193.500531624448,408.500531624448,True
HF,9.0,33.31027311111111,25.0,2.5,31.908158351847188,145.98333545482836,364.95833863707094,2430.315254335744,196.46925207171154,411.46925207171154,True
HF,9.0,33.31027311111111,25.0,2.75,33.25270763008218,151.4446092060754,378.6115230151885,2412.9063124258355,199.4379725189751,414.43797251897513,True
HF,9.0,33.31027311111111,25.0,3.0,34.51329603510775,156.48916142905603,391.22290357264006,2395.7450056529965,202.40669296623867,417.40669296623867,True
HF,9.0,33.31027311111111,25.0,3.25,35.699972492390586,161.1687643530376,402.92191088259403,2378.826087567472,205.3754134135022,420.3754134135022,True
HF,9.0,33.31027311111111,25.0,3.5,36.82094604846018,165.52580730684008,413.8145182671002,2362.1444588833997,208.34413386076577,423.34413386076574,True
HF,9.0,33.31027311111111,25.0,3.75,37.883030749634166,169.59553323025614,423.98883307564034,2345.695162354774,211.31285430802933,426.31285430802933,True
HF,9.0,33.31027311111111,25.0,4.0,38.89196015191071,173.40762631618796,433.5190657904699,2329.4733778640248,214.28157475529287,429.28157475529287,True
HF,9.0,33.31027311111111,25.0,4.25,39.8526154768401,176.98736847461842,442.46842118654604,2313.4744177129846,217.25029520255643,432.25029520255646,True
HF,9.0,33.31027311111111,25.0,4.5,40.76919484533132,180.35650062675265,450.89125156688164,2297.6937221065873,220.21901564982,435.21901564982,True
HF,9.0,33.31027311111111,25.0,4.75,41.645341261634485,183.5338766702474,458.8346916756185,2282.126854820152,223.18773609708353,438.18773609708353,True
HF,9.0,33.31027311111111,25.0,5.0,42.48424106411451,186.53596850474074,466.3399212618518,2266.7694990416067,226.1564565443471,441.15645654434707,True
HF,9.0,33.31027311111111,25.0,5.25,43.28870080893502,189.37726192195205,473.4431548048801,2251.6174533804683,229.12517699161063,444.1251769916106,True
HF,9.0,33.31027311111111,25.0,5.5,44.061208124704166,192.0705711074486,480.17642776862147,2236.6666280358213,232.0938974388742,447.0938974388742,True
HF,9.0,33.31027311111111,25.0,5.75,44.8039804652154,194.62729148451868,486.5682287112967,2221.913041115963,235.06261788613776,450.0626178861378,True
HF,9.0,33.31027311111111,25.0,6.0,45.51900459501648,197.0576051823108,492.644012955777,2207.3528151027504,238.0313383334013,453.0313383334013,True
HF,9.0,33.31027311111111,25.0,6.25,46.208068887065984,199.3706496340102,498.4266240850255,2192.9821734540565,241.00005878066486,456.00005878066486,True
HF,9.0,33.31027311111111,25.0,6.5,46.872789979920796,201.57465714630217,503.9366428657554,2178.7974373380857,243.96877922792842,458.9687792279284,True
HF,9.0,33.31027311111111,25.0,6.75,47.5146349614464,203.6770713707337,509.1926784268343,2164.7950224936117,246.937499675192,461.937499675192,True
HF,9.0,33.31027311111111,25.0,7.0,48.13493996984494,205.6846452171973,514.2116130429932,2150.971436210515,249.90622012245552,464.9062201224555,True
HF,9.0,33.31027311111111,25.0,7.25,48.734925899568495,207.60352372420883,519.0088093105221,2137.3232744252687,252.87494056971906,467.87494056971906,True
HF,9.0,33.31027311111111,25.0,7.5,49.31571174828547,209.43931463475892,523.5982865868973,2123.8472189263084,255.84366101698265,470.84366101698265,True
HF,9.0,33.31027311111111,25.0,7.75,49.87832602698499,211.19714884795363,527.992872119884,2110.5400346644587,258.8123814642462,473.8123814642462,True
HF,9.0,33.31027311111111,25.0,8.0,50.423716568425576,212.88173247495146,532.2043311873787,2097.3985671638457,261.7811019115097,476.7811019115097,True
HF,9.0,33.31027311111111,25.0,8.25,50.95275900232059,214.49739188714415,536.2434797178604,2084.419740028931,264.7498223587733,479.7498223587733,True
HF,9.0,33.31027311111111,25.0,8.5,51.46626411379922,216.04811287954558,540.120282198864,2071.6005525435435,267.71854280603685,482.71854280603685,True
HF,9.0,33.31027311111111,25.0,8.75,51.96498426109228,217.5375748644017,543.8439371610043,2058.9380773579605,270.6872632533004,485.6872632533004,True
HF,9.0,33.31027311111111,25.0,9.0,52.44961899636748,218.9691808455391,547.4229521138478,2046.4294582603018,273.655983700564,488.655983700564,True
HF,9.0,33.31027311111111,25.0,9.25,52.92082000818031,220.34608379286823,550.8652094821706,2034.071908028666,276.6247041478275,491.6247041478275,True
HF,9.0,33.31027311111111,25.0,9.5,53.379195483626745,221.6712099312371,554.1780248280927,2021.862706360624,279.59342459509105,494.59342459509105,True
HF,9.0,33.31027311111111,25.0,9.75,53.82531397186044,222.94727937282397,557.3681984320599,2009.7991978768314,282.56214504235464,497.56214504235464,True
HF,9.0,33.31027311111111,25.0,10.0,54.25970781731964,224.1768244531517,560.4420611328793,1997.87879019569,285.5308654896182,500.5308654896182,True
HF,9.0,33.31027311111111,25.0,10.25,54.68287622014644,225.3622060742977,563.4055151857442,1986.0989520761177,288.4995859368817,503.4995859368817,True
HF,9.0,33.31027311111111,25.0,10.5,55.09528797237068,226.50562831240754,566.2640707810189,1974.4572116256404,291.46830638414525,506.46830638414525,True
HF,9.0,33.31027311111111,25.0,10.75,55.497383911084626,227.60915150821629,569.0228787705407,1962.9511545711346,294.43702683140884,509.43702683140884,True
HF,9.0,33.31027311111111,25.0,11.0,55.88957912374566,228.67470402737402,571.6867600684351,1951.5784225896846,297.4057472786724,512.4057472786724,True
HF,9.0,33.31027311111111,25.0,11.25,56.272264935675125,229.70409285074777,574.2602321268694,1940.3367116971278,300.3744677259359,515.3744677259359,True
HF,9.0,33.31027311111111,25.0,11.5,56.64581070558126,230.69901313254715,576.7475328313678,1929.2237706919755,303.3431881731995,518.3431881731995,True
HF,9.0,33.31027311111111,25.0,11.75,57.0105654513723,231.66105684532732,579.1526421133183,1918.2373996525023,306.31190862046304,521.3119086204631,True
HF,9.0,33.31027311111111,25.0,12.0,57.36685932552143,232.59172061503608,581.4793015375902,1907.3754484848994,309.2806290677266,524.2806290677265,True
HF,9.0,33.31027311111111,25.0,12.25,57.71500495670126,233.49241283578795,583.7310320894699,1896.6358155204687,312.2493495149902,527.2493495149902,True
HF,9.0,33.31027311111111,25.0,12.5,58.055298672243254,234.36446014256794,585.9111503564199,1886.0164461599547,315.2180699622537,530.2180699622537,True
HF,9.0,33.31027311111111,25.0,12.75,58.38802161413263,235.20911331024905,588.0227832756226,1875.5153315631546,318.18679040951724,533.1867904095172,True
HF,9.0,33.31027311111111,25.0,13.0,58.713440759671045,236.02755263889415,590.0688815972354,1865.1305073820688,321.15551085678084,536.1555108567809,True
HF,9.0,33.31027311111111,25.0,13.25,59.031809856583216,236.82089287806872,592.0522321951718,1854.8600525359068,324.1242313040444,539.1242313040443,True
HF,9.0,33.31027311111111,25.0,13.5,59.34337028117568,237.59018773664167,593.9754693416041,1844.7020880263403,327.0929517513079,542.092951751308,True
HF,9.0,33.31027311111111,25.0,13.75,59.648351827147124,238.3364340191434,595.8410850478585,1834.6547757914811,330.0616721985715,545.0616721985715,True
HF,9.0,33.31027311111111,25.0,14.0,59.94697343177461,239.06057542505349,597.6514385626338,1824.7163175970984,333.03039264583504,548.030392645835,True
HF,9.0,33.31027311111111,25.0,14.25,60.239443845441,239.76350604330534,599.4087651082633,1814.884953963686,335.9991130930986,550.9991130930986,True
HF,9.0,33.31027311111111,25.0,14.5,60.52596224980551,240.44607357072826,601.1151839268207,1805.1589631280278,338.9678335403621,553.9678335403621,True
HF,9.0,33.31027311111111,25.0,14.75,60.80671882934229,241.10908228002899,602.7727057000725,1795.5366600379737,341.93655398762564,556.9365539876256,True
HF,9.0,33.31027311111111,25.0,15.0,61.08189530046446,241.75329576017936,604.3832394004484,1786.0163953791955,344.9052744348892,559.9052744348892,True
HF,9.0,33.31027311111111,25.0,15.25,61.35166540200674,242.37943944967182,605.9485986241796,1776.5965546327413,347.8739948821528,562.8739948821528,True
HF,9.0,33.31027311111111,25.0,15.5,61.61619535044849,242.98820298098835,607.4705074524709,1767.2755571622597,350.8427153294163,565.8427153294163,True
HF,9.0,33.31027311111111,25.0,15.75,61.875644262914236,243.58024235275744,608.9506058818936,1758.051855329801,353.81143577667984,568.8114357766799,True
HF,9.0,33.31027311111111,25.0,16.0,62.13016455068367,244.15618194442195,610.3904548610549,1748.923933639173,356.78015622394344,571.7801562239434,True
HF,9.0,33.31027311111111,25.0,16.25,62.37990228567296,244.7166163867725,611.7915409669313,1739.8903079058366,359.748876671207,574.748876671207,True
HF,9.0,33.31027311111111,25.0,16.5,62.62499754211039,245.26211230040255,613.1552807510063,1730.9495244524005,362.7175971184705,577.7175971184705,True
HF,9.0,33.31027311111111,25.0,16.75,62.86558471541537,245.79320991298013,614.4830247824503,1722.1001593287917,365.68631756573404,580.686317565734,True
HF,9.0,33.31027311111111,25.0,17.0,63.10179282010112,246.31042456520194,615.7760614130049,1713.3408175562267,368.65503801299764,583.6550380129977,True
HF,9.0,33.31027311111111,25.0,17.25,63.33374576835124,246.81424811437108,617.0356202859277,1704.6701323941377,371.6237584602612,586.6237584602611,True
HF,9.0,33.31027311111111,25.0,17.5,63.56156263076983,247.30515024371877,618.2628756092969,1696.086764629245,374.5924789075247,589.5924789075248,True
HF,9.0,33.31027311111111,25.0,17.75,63.78535788066846,247.7835796848483,619.4589492121207,1687.5894018860033,377.5611993547883,592.5611993547883,True
HF,9.0,33.31027311111111,25.0,18.0,64.00524162313297,248.24996536002118,620.624913400053,1679.176757957669,380.52991980205184,595.5299198020518,True
HF,9.0,33.31027311111111,25.0,18.25,64.2213198100023,248.70471745040584,621.7617936260147,1670.8475721572768,383.4986402493154,598.4986402493154,True
HF,9.0,33.31027311111111,25.0,18.5,64.43369444179493,249.14822839587816,622.8705709896954,1662.6006086878388,386.46736069657896,601.4673606965789,True
HF,9.0,33.31027311111111,25.0,18.75,64.64246375752893,249.58087383147557,623.952184578689,1654.4346560311012,389.4360811438425,604.4360811438426,True
HF,9.0,33.31027311111111,25.0,19.0,64.84772241330234,250.00301346517583,625.0075336629395,1646.3485263542286,392.40480159110604,607.404801591106,True
HF,9.0,33.31027311111111,25.0,19.25,65.04956165042753,250.41499190127274,626.0374797531819,1638.3410549337975,395.37352203836963,610.3735220383696,True
HF,9.0,33.31027311111111,25.0,19.5,65.24806945384974,250.81713941327044,627.0428485331761,1630.4110995965257,398.34224248563316,613.3422424856332,True
HF,9.0,33.31027311111111,25.0,19.75,65.44333070151794,251.2097726698889,628.0244316747222,1622.5575401761578,401.3109629328967,616.3109629328967,True
HF,9.0,33.31027311111111,25.0,20.0,65.63542730532548,251.5931954174869,628.9829885437173,1614.7792779859774,404.2796833801603,619.2796833801603,True
HF,9.0,33.31027311111111,25.0,20.25,65.82443834418686,251.96769912193756,629.9192478048438,1607.0752353064179,407.24840382742383,622.2484038274238,True
HF,9.0,33.31027311111111,25.0,20.5,66.01044018977404,252.3335635727533,630.8339089318832,1599.4443548872675,410.21712427468736,625.2171242746874,True
HF,9.0,33.31027311111111,25.0,20.75,66.19350662539426,252.69105745203532,631.7276436300883,1591.8855994639966,413.18584472195096,628.185844721951,True
HF,9.0,33.31027311111111,25.0,21.0,66.3737089584552,253.0404388706221,632.6010971765552,1584.3979512877277,416.1545651692145,631.1545651692145,True
HF,9.0,33.31027311111111,25.0,21.25,66.5511161269293,253.38195587362966,633.4548896840741,1576.9804116684127,419.12328561647803,634.123285616478,True
HF,9.0,33.31027311111111,25.0,21.5,66.72579480019851,253.71584691740804,634.2896172935201,1569.6320005307823,422.0920060637416,637.0920060637416,True
HF,9.0,33.31027311111111,25.0,21.75,66.89780947463211,254.04234131978586,635.1058532994647,1562.3517559826505,425.06072651100516,640.0607265110052,True
HF,9.0,33.31027311111111,25.0,22.0,67.06722256422545,254.36165968533618,635.9041492133405,1555.1387338951802,428.02944695826875,643.0294469582687,True
HF,9.0,33.31027311111111,25.0,22.25,67.23409448660249,254.6740143072668,636.6850357681669,1547.99200749472,430.9981674055323,645.9981674055323,True
HF,9.0,33.31027311111111,25.0,22.5,67.39848374466489,254.97960954742277,637.4490238685569,1540.9106669658445,433.9668878527958,648.9668878527958,True
HF,9.0,33.31027311111111,25.0,22.75,67.56044700414895,255.2786421957802,638.1966054894506,1533.8938190652425,436.93560830005936,651.9356083000594,True
HF,9.0,33.31027311111111,25.0,23.0,67.72003916733463,255.57130181071105,638.9282545267777,1526.940586746103,439.9043287473229,654.9043287473229,True
HF,9.0,33.31027311111111,25.0,23.25,67.87731344313312,255.8577710412086,639.6444276030215,1520.050108792675,442.8730491945865,657.8730491945864,True
HF,9.0,33.31027311111111,25.0,23.5,68.03232141376473,256.1382259321794,640.3455648304486,1513.2215394646742,445.84176964185,660.8417696418501,True
HF,9.0,33.31027311111111,25.0,23.75,68.18511309822361,256.41283621382894,641.0320905345724,1506.4540481512345,448.81049008911356,663.8104900891135,True
HF,9.0,33.31027311111111,25.0,24.0,68.33573701271365,256.6817655761,641.7044139402501,1499.7468190340999,451.77921053637715,666.7792105363771,True
HF,9.0,33.31027311111111,25.0,24.25,68.48424022822668,256.9451719290548,642.362929822637,1493.0990507597792,454.7479309836407,669.7479309836407,True
HF,9.0,33.31027311111111,25.0,24.5,68.63066842542362,257.20320765003146,643.0080191250786,1486.5099561203765,457.7166514309042,672.7166514309042,True
HF,9.0,33.31027311111111,25.0,24.75,68.77506594696843,257.4560198183518,643.6400495458795,1479.978761742838,460.6853718781678,675.6853718781679,True
HF,9.0,33.31027311111111,25.0,25.0,68.91747584745494,257.70375043830364,644.2593760957591,1473.5047077863571,463.65409232543135,678.6540923254313,True
HF,9.0,33.31027311111111,25.0,25.25,69.05793994105797,257.9465366510725,644.8663416276813,1467.0870476476794,466.6228127726949,681.6228127726949,True
HF,9.0,33.31027311111111,25.0,25.5,69.19649884703183,258.18451093625663,645.4612773406416,1460.7250476740867,469.5915332199585,684.5915332199585,True
HF,9.0,33.31027311111111,25.0,25.75,69.33319203317129,258.41780130355374,646.0445032588843,1454.417986883806,472.560253667222,687.560253667222,True
HF,9.0,33.31027311111111,25.0,26.0,69.46805785734298,258.6465314751735,646.6163286879338,1448.1651566936364,475.52897411448555,690.5289741144855,True
HF,9.0,33.31027311111111,25.0,26.25,69.6011336071895,258.87082105949304,647.1770526487326,1441.9658606535713,478.49769456174914,693.4976945617491,True
HF,9.0,33.31027311111111,25.0,26.5,69.73245553810027,259.09078571643937,647.7269642910984,1435.8194141882052,481.4664150090127,696.4664150090127,True
HF,9.0,33.31027311111111,25.0,26.75,69.86205890954001,259.3065373150541,648.2663432876352,1429.7251443447296,484.4351354562762,699.4351354562762,True
HF,9.0,33.31027311111111,25.0,27.0,69.98997801981776,259.5181840836644,648.795460209161,1423.6823895473158,487.4038559035398,702.4038559035398,True
HF,9.0,33.31027311111111,25.0,27.25,70.1162462393768,259.72583075306267,649.3145768826566,1417.6904993577032,490.37257635080334,705.3725763508033,True
HF,9.0,33.31027311111111,25.0,27.5,70.24089604267921,259.9295786930668,649.823946732667,1411.748834241806,493.34129679806694,708.3412967980669,True
HF,9.0,33.31027311111111,25.0,27.75,70.36395903875521,260.1295260428156,650.323815107039,1405.8567653421653,496.3100172453304,711.3100172453304,True
HF,9.0,33.31027311111111,25.0,28.0,70.48546600048428,260.32576783512957,650.814419587824,1400.0136742560755,499.278737692594,714.278737692594,True
HF,9.0,33.31027311111111,25.0,28.25,70.60544689266922,260.51839611524815,651.2959902881204,1394.2189528192205,502.2474581398576,717.2474581398576,True
HF,9.0,33.31027311111111,25.0,28.5,70.7239308989629,260.7075000542362,651.7687501355906,1388.4720028946626,505.2161785871211,720.216178587121,True
HF,9.0,33.31027311111111,25.0,28.75,70.84094644770265,260.89316605733507,652.2329151433377,1382.7722361670246,508.18489903438467,723.1848990343847,True
HF,9.0,33.31027311111111,25.0,29.0,70.95652123670472,261.075477867518,652.6886946687949,1377.119073941726,511.15361948164826,726.1536194816483,True
HF,9.0,33.31027311111111,25.0,29.25,71.07068225706867,261.2545166644936,653.136291661234,1371.5119469491203,514.1223399289117,729.1223399289117,True
HF,9.0,33.31027311111111,25.0,29.5,71.1834558160378,261.43036115938764,653.5759028984692,1365.950295153397,517.0910603761753,732.0910603761753,True
HF,9.0,33.31027311111111,25.0,29.75,71.29486755896038,261.6030876853199,654.0077192132998,1360.4335675661182,520.0597808234389,735.0597808234389,True
HF,9.0,33.31027311111111,25.0,30.0,71.40494249039328,261.77277028408196,654.431925710205,1354.961222064253,523.0285012707023,738.0285012707023,True
VHF,60.0,4.996540966666666,25.0,0.0,0.0,0.0,0.0,2619.2955019460173,166.78204759907604,381.782047599076,True
VHF,60.0,4.996540966666666,25.0,0.25,10.731276489279097,342.85065876270477,857.126646906762,2599.0851300381537,169.75076804633957,384.75076804633954,True
VHF,60.0,4.996540966666666,25.0,0.5,15.066717338530044,478.6273956628466,1196.5684891571166,2579.1842547953293,172.71948849360314,387.71948849360314,True
VHF,60.0,4.996540966666666,25.0,0.75,18.321605818805523,578.8052585881434,1447.0131464703584,2559.5858209054804,175.68820894086667,390.6882089408667,True
VHF,60.0,4.996540966666666,25.0,1.0,21.00766323109466,660.0834231394854,1650.2085578487136,2540.2829858839837,178.65692938813024,393.65692938813027,True
VHF,60.0,4.996540966666666,25.0,1.25,23.325008550463988,729.0456422095671,1822.6141055239177,2521.269112108651,181.62564983539377,396.6256498353938,True
VHF,60.0,4.996540966666666,25.0,1.5,25.377241167248222,789.1262777091928,1972.815694272982,2502.537759209769,184.59437028265734,399.59437028265734,True
VHF,60.0,4.996540966666666,25.0,1.75,27.226476717926264,842.3991216721979,2105.9978041804948,2484.0826767968624,187.5630907299209,402.5630907299209,True
VHF,60.0,4.996540966666666,25.0,2.0,28.913558294267833,890.2366195473865,2225.591548868466,2465.8977975049197,190.53181117718444,405.5318111771844,True
VHF,60.0,4.996540966666666,25.0,2.25,30.467110747228524,933.6062499905842,2334.0156249764605,2447.977230343834,193.500531624448,408.500531624448,True
VHF,60.0,4.996540966666666,25.0,2.5,31.908158351847188,973.2222363655223,2433.0555909138056,2430.315254335744,196.46925207171154,411.46925207171154,False
VHF,60.0,4.996540966666666,25.0,2.75,33.25270763008218,1009.6307280405026,2524.0768201012565,2412.9063124258355,199.4379725189751,414.43797251897513,False
VHF,60.0,4.996540966666666,25.0,3.0,34.51329603510775,1043.261076193707,2608.152690484267,2395.7450056529965,202.40669296623867,417.40669296623867,False
VHF,60.0,4.996540966666666,25.0,3.25,35.699972492390586,1074.4584290202508,2686.146072550627,2378.826087567472,205.3754134135022,420.3754134135022,False
VHF,60.0,4.996540966666666,25.0,3.5,36.82094604846018,1103.5053820456005,2758.7634551140013,2362.1444588833997,208.34413386076577,423.34413386076574,False
VHF,60.0,4.996540966666666,25.0,3.75,37.883030749634166,1130.6368882017077,2826.5922205042693,2345.695162354774,211.31285430802933,426.31285430802933,False
VHF,60.0,4.996540966666666,25.0,4.0,38.89196015191071,1156.0508421079196,2890.127105269799,2329.4733778640248,214.28157475529287,429.28157475529287,False
VHF,60.0,4.996540966666666,25.0,4.25,39.8526154768401,1179.9157898307894,2949.7894745769736,2313.4744177129846,217.25029520255643,432.25029520255646,False
VHF,60.0,4.996540966666666,25.0,4.5,40.76919484533132,1202.3766708450178,3005.9416771125443,2297.6937221065873,220.21901564982,435.21901564982,False
VHF,60.0,4.996540966666666,25.0,4.75,41.645341261634485,1223.5591778016494,3058.8979445041236,2282.126854820152,223.18773609708353,438.18773609708353,False
VHF,60.0,4.996540966666666,25.0,5.0,42.48424106411451,1243.5731233649383,3108.932808412346,2266.7694990416067,226.1564565443471,441.15645654434707,False
VHF,60.0,4.996540966666666,25.0,5.25,43.28870080893502,1262.5150794796803,3156.2876986992005,2251.6174533804683,229.12517699161063,444.1251769916106,False
VHF,60.0,4.996540966666666,25.0,5.5,44.061208124704166,1280.4704740496572,3201.176185124143,2236.6666280358213,232.0938974388742,447.0938974388742,False
VHF,60.0,4.996540966666666,25.0,5.75,44.8039804652154,1297.5152765634577,3243.7881914086443,2221.913041115963,235.06261788613776,450.0626178861378,False
VHF,60.0,4.996540966666666,25.0,6.0,45.51900459501648,1313.7173678820718,3284.2934197051795,2207.3528151027504,238.0313383334013,453.0313383334013,False
VHF,60.0,4.996540966666666,25.0,6.25,46.208068887065984,1329.1376642267346,3322.8441605668368,2192.9821734540565,241.00005878066486,456.00005878066486,False
VHF,60.0,4.996540966666666,25.0,6.5,46.872789979920796,1343.8310476420145,3359.5776191050363,2178.7974373380857,243.96877922792842,458.9687792279284,False
VHF,60.0,4.996540966666666,25.0,6.75,47.5146349614464,1357.847142471558,3394.617856178895,2164.7950224936117,246.937499675192,461.937499675192,False
VHF,60.0,4.996540966666666,25.0,7.0,48.13493996984494,1371.2309681146487,3428.077420286622,2150.971436210515,249.90622012245552,464.9062201224555,False
VHF,60.0,4.996540966666666,25.0,7.25,48.734925899568495,1384.0234914947255,3460.0587287368135,2137.3232744252687,252.87494056971906,467.87494056971906,False
VHF,60.0,4.996540966666666,25.0,7.5,49.31571174828547,1396.2620975650593,3490.655243912648,2123.8472189263084,255.84366101698265,470.84366101698265,False
VHF,60.0,4.996540966666666,25.0,7.75,49.87832602698499,1407.9809923196908,3519.952480799227,2110.5400346644587,258.8123814642462,473.8123814642462,False
VHF,60.0,4.996540966666666,25.0,8.0,50.423716568425576,1419.2115498330097,3548.028874582524,2097.3985671638457,261.7811019115097,476.7811019115097,False
VHF,60.0,4.996540966666666,25.0,8.25,50.95275900232059,1429.982612580961,3574.9565314524025,2084.419740028931,264.7498223587733,479.7498223587733,False
VHF,60.0,4.996540966666666,25.0,8.5,51.46626411379922,1440.320752530304,3600.80188132576,2071.6005525435435,267.71854280603685,482.71854280603685,False
VHF,60.0,4.996540966666666,25.0,8.75,51.96498426109228,1450.2504990960113,3625.6262477400282,2058.9380773579605,270.6872632533004,485.6872632533004,False
VHF,60.0,4.996540966666666,25.0,9.0,52.44961899636748,1459.7945389702606,3649.4863474256517,2046.4294582603018,273.655983700564,488.655983700564,False
VHF,60.0,4.996540966666666,25.0,9.25,52.92082000818031,1468.9738919524548,3672.434729881137,2034.071908028666,276.6247041478275,491.6247041478275,False
VHF,60.0,4.996540966666666,25.0,9.5,53.379195483626745,1477.8080662082473,3694.5201655206183,2021.862706360624,279.59342459509105,494.59342459509105,False
VHF,60.0,4.996540966666666,25.0,9.75,53.82531397186044,1486.3151958188264,3715.787989547066,2009.7991978768314,282.56214504235464,497.56214504235464,False
VHF,60.0,4.996540966666666,25.0,10.0,54.25970781731964,1494.5121630210115,3736.2804075525287,1997.87879019569,285.5308654896182,500.5308654896182,False
VHF,60.0,4.996540966666666,25.0,10.25,54.68287622014644,1502.4147071619846,3756.0367679049614,1986.0989520761177,288.4995859368817,503.4995859368817,False
VHF,60.0,4.996540966666666,25.0,10.5,55.09528797237068,1510.0375220827168,3775.0938052067922,1974.4572116256404,291.46830638414525,506.46830638414525,False
VHF,60.0,4.996540966666666,25.0,10.75,55.497383911084626,1517.3943433881086,3793.4858584702715,1962.9511545711346,294.43702683140884,509.43702683140884,False
VHF,60.0,4.996540966666666,25.0,11.0,55.88957912374566,1524.4980268491602,3811.2450671229003,1951.5784225896846,297.4057472786724,512.4057472786724,False
VHF,60.0,4.996540966666666,25.0,11.25,56.272264935675125,1531.3606190049852,3828.401547512463,1940.3367116971278,300.3744677259359,515.3744677259359,False
VHF,60.0,4.996540966666666,25.0,11.5,56.64581070558126,1537.9934208836478,3844.9835522091194,1929.2237706919755,303.3431881731995,518.3431881731995,False
VHF,60.0,4.996540966666666,25.0,11.75,57.0105654513723,1544.4070456355155,3861.017614088789,1918.2373996525023,306.31190862046304,521.3119086204631,False
VHF,60.0,4.996540966666666,25.0,12.0,57.36685932552143,1550.6114707669071,3876.528676917268,1907.3754484848994,309.2806290677266,524.2806290677265,False
VHF,60.0,4.996540966666666,25.0,12.25,57.71500495670126,1556.6160855719195,3891.5402139297985,1896.6358155204687,312.2493495149902,527.2493495149902,False
VHF,60.0,4.996540966666666,25.0,12.5,58.055298672243254,1562.4297342837863,3906.0743357094657,1886.0164461599547,315.2180699622537,530.2180699622537,False
VHF,60.0,4.996540966666666,25.0,12.75,58.38802161413263,1568.0607554016603,3920.151888504151,1875.5153315631546,318.18679040951724,533.1867904095172,False
VHF,60.0,4.996540966666666,25.0,13.0,58.713440759671045,1573.5170175926278,3933.7925439815695,1865.1305073820688,321.15551085678084,536.1555108567809,False
VHF,60.0,4.996540966666666,25.0,13.25,59.031809856583216,1578.8059525204583,3947.0148813011456,1854.8600525359068,324.1242313040444,539.1242313040443,False
VHF,60.0,4.996540966666666,25.0,13.5,59.34337028117568,1583.9345849109445,3959.8364622773615,1844.7020880263403,327.0929517513079,542.092951751308,False
VHF,60.0,4.996540966666666,25.0,13.75,59.648351827147124,1588.9095601276226,3972.2739003190563,1834.6547757914811,330.0616721985715,545.0616721985715,False
VHF,60.0,4.996540966666666,25.0,14.0,59.94697343177461,1593.7371695003567,3984.3429237508917,1824.7163175970984,333.03039264583504,548.030392645835,False
VHF,60.0,4.996540966666666,25.0,14.25,60.239443845441,1598.4233736220356,3996.058434055089,1814.884953963686,335.9991130930986,550.9991130930986,False
VHF,60.0,4.996540966666666,25.0,14.5,60.52596224980551,1602.9738238048549,4007.434559512137,1805.1589631280278,338.9678335403621,553.9678335403621,False
VHF,60.0,4.996540966666666,25.0,14.75,60.80671882934229,1607.3938818668598,4018.4847046671493,1795.5366600379737,341.93655398762564,556.9365539876256,False
VHF,60.0,4.996540966666666,25.0,15.0,61.08189530046446,1611.6886384011957,4029.2215960029894,1786.0163953791955,344.9052744348892,559.9052744348892,False
VHF,60.0,4.996540966666666,25.0,15.25,61.35166540200674,1615.8629296644788,4039.657324161197,1776.5965546327413,347.8739948821528,562.8739948821528,False
VHF,60.0,4.996540966666666,25.0,15.5,61.61619535044849,1619.921353206589,4049.8033830164723,1767.2755571622597,350.8427153294163,565.8427153294163,False
VHF,60.0,4.996540966666666,25.0,15.75,61.875644262914236,1623.8682823517163,4059.670705879291,1758.051855329801,353.81143577667984,568.8114357766799,False
VHF,60.0,4.996540966666666,25.0,16.0,62.13016455068367,1627.7078796294797,4069.2696990736995,1748.923933639173,356.78015622394344,571.7801562239434,False
VHF,60.0,4.996540966666666,25.0,16.25,62.37990228567296,1631.44410924515,4078.610273112875,1739.8903079058366,359.748876671207,574.748876671207,False
VHF,60.0,4.996540966666666,25.0,16.5,62.62499754211039,1635.0807486693504,4087.701871673376,1730.9495244524005,362.7175971184705,577.7175971184705,False
VHF,60.0,4.996540966666666,25.0,16.75,62.86558471541537,1638.6213994198674,4096.553498549669,1722.1001593287917,365.68631756573404,580.686317565734,False
VHF,60.0,4.996540966666666,25.0,17.0,63.10179282010112,1642.0694971013463,4105.173742753366,1713.3408175562267,368.65503801299764,583.6550380129977,False
VHF,60.0,4.996540966666666,25.0,17.25,63.33374576835124,1645.4283207624737,4113.570801906184,1704.6701323941377,371.6237584602612,586.6237584602611,False
VHF,60.0,4.996540966666666,25.0,17.5,63.56156263076983,1648.7010016247918,4121.752504061979,1696.086764629245,374.5924789075247,589.5924789075248,False
VHF,60.0,4.996540966666666,25.0,17.75,63.78535788066846,1651.890531232322,4129.726328080805,1687.5894018860033,377.5611993547883,592.5611993547883,False
VHF,60.0,4.996540966666666,25.0,18.0,64.00524162313297,1654.9997690668079,4137.49942266702,1679.176757957669,380.52991980205184,595.5299198020518,False
VHF,60.0,4.996540966666666,25.0,18.25,64.2213198100023,1658.0314496693723,4145.07862417343,1670.8475721572768,383.4986402493154,598.4986402493154,False
VHF,60.0,4.996540966666666,25.0,18.5,64.43369444179493,1660.9881893058543,4152.470473264636,1662.6006086878388,386.46736069657896,601.4673606965789,False
VHF,60.0,4.996540966666666,25.0,18.75,64.64246375752893,1663.8724922098372,4159.681230524593,1654.4346560311012,389.4360811438425,604.4360811438426,False
VHF,60.0,4.996540966666666,25.0,19.0,64.84772241330234,1666.6867564345055,4166.716891086264,1646.3485263542286,392.40480159110604,607.404801591106,False
VHF,60.0,4.996540966666666,25.0,19.25,65.04956165042753,1669.4332793418182,4173.583198354546,1638.3410549337975,395.37352203836963,610.3735220383696,False
VHF,60.0,4.996540966666666,25.0,19.5,65.24806945384974,1672.1142627551362,4180.285656887841,1630.4110995965257,398.34224248563316,613.3422424856332,False
VHF,60.0,4.996540966666666,25.0,19.75,65.44333070151794,1674.7318177992593,4186.829544498149,1622.5575401761578,401.3109629328967,616.3109629328967,False
VHF,60.0,4.996540966666666,25.0,20.0,65.63542730532548,1677.2879694499127,4193.219923624782,1614.7792779859774,404.2796833801603,619.2796833801603,False
VHF,60.0,4.996540966666666,25.0,20.25,65.82443834418686,1679.784660812917,4199.4616520322925,1607.0752353064179,407.24840382742383,622.2484038274238,False
VHF,60.0,4.996540966666666,25.0,20.5,66.01044018977404,1682.2237571516887,4205.559392879221,1599.4443548872675,410.21712427468736,625.2171242746874,False
VHF,60.0,4.996540966666666,25.0,20.75,66.19350662539426,1684.6070496802356,4211.517624200589,1591.8855994639966,413.18584472195096,628.185844721951,False
VHF,60.0,4.996540966666666,25.0,21.0,66.3737089584552,1686.9362591374806,4217.340647843702,1584.3979512877277,416.1545651692145,631.1545651692145,False
VHF,60.0,4.996540966666666,25.0,21.25,66.5511161269293,1689.213039157531,4223.032597893827,1576.9804116684127,419.12328561647803,634.123285616478,False
VHF,60.0,4.996540966666666,25.0,21.5,66.72579480019851,1691.4389794493868,4228.597448623467,1569.6320005307823,422.0920060637416,637.0920060637416,False
VHF,60.0,4.996540966666666,25.0,21.75,66.89780947463211,1693.6156087985723,4234.039021996431,1562.3517559826505,425.06072651100516,640.0607265110052,False
VHF,60.0,4.996540966666666,25.0,22.0,67.06722256422545,1695.7443979022412,4239.360994755603,1555.1387338951802,428.02944695826875,643.0294469582687,False
VHF,60.0,4.996540966666666,25.0,22.25,67.23409448660249,1697.8267620484453,4244.566905121113,1547.99200749472,430.9981674055323,645.9981674055323,False
VHF,60.0,4.996540966666666,25.0,22.5,67.39848374466489,1699.8640636494852,4249.660159123713,1540.9106669658445,433.9668878527958,648.9668878527958,False
VHF,60.0,4.996540966666666,25.0,22.75,67.56044700414895,1701.8576146385346,4254.644036596336,1533.8938190652425,436.93560830005936,651.9356083000594,False
VHF,60.0,4.996540966666666,25.0,23.0,67.72003916733463,1703.8086787380737,4259.521696845184,1526.940586746103,439.9043287473229,654.9043287473229,False
VHF,60.0,4.996540966666666,25.0,23.25,67.87731344313312,1705.7184736080574,4264.296184020143,1520.050108792675,442.8730491945865,657.8730491945864,False
VHF,60.0,4.996540966666666,25.0,23.5,68.03232141376473,1707.588172881196,4268.97043220299,1513.2215394646742,445.84176964185,660.8417696418501,False
VHF,60.0,4.996540966666666,25.0,23.75,68.18511309822361,1709.4189080921929,4273.547270230482,1506.4540481512345,448.81049008911356,663.8104900891135,False
VHF,60.0,4.996540966666666,25.0,24.0,68.33573701271365,1711.2117705073335,4278.029426268334,1499.7468190340999,451.77921053637715,666.7792105363771,False
VHF,60.0,4.996540966666666,25.0,24.25,68.48424022822668,1712.9678128603657,4282.419532150914,1493.0990507597792,454.7479309836407,669.7479309836407,False
VHF,60.0,4.996540966666666,25.0,24.5,68.63066842542362,1714.6880510002095,4286.720127500524,1486.5099561203765,457.7166514309042,672.7166514309042,False
VHF,60.0,4.996540966666666,25.0,24.75,68.77506594696843,1716.3734654556788,4290.933663639197,1479.978761742838,460.6853718781678,675.6853718781679,False
VHF,60.0,4.996540966666666,25.0,25.0,68.91747584745494,1718.0250029220242,4295.0625073050605,1473.5047077863571,463.65409232543135,678.6540923254313,False
VHF,60.0,4.996540966666666,25.0,25.25,69.05793994105797,1719.643577673817,4299.108944184542,1467.0870476476794,466.6228127726949,681.6228127726949,False
VHF,60.0,4.996540966666666,25.0,25.5,69.19649884703183,1721.2300729083777,4303.075182270944,1460.7250476740867,469.5915332199585,684.5915332199585,False
VHF,60.0,4.996540966666666,25.0,25.75,69.33319203317129,1722.7853420236918,4306.96335505923,1454.417986883806,472.560253667222,687.560253667222,False
VHF,60.0,4.996540966666666,25.0,26.0,69.46805785734298,1724.31020983449,4310.775524586225,1448.1651566936364,475.52897411448555,690.5289741144855,False
VHF,60.0,4.996540966666666,25.0,26.25,69.6011336071895,1725.8054737299535,4314.513684324884,1441.9658606535713,478.49769456174914,693.4976945617491,False
VHF,60.0,4.996540966666666,25.0,26.5,69.73245553810027,1727.2719047762623,4318.179761940656,1435.8194141882052,481.4664150090127,696.4664150090127,False
VHF,60.0,4.996540966666666,25.0,26.75,69.86205890954001,1728.710248767027,4321.775621917567,1429.7251443447296,484.4351354562762,699.4351354562762,False
VHF,60.0,4.996540966666666,25.0,27.0,69.98997801981776,1730.1212272244293,4325.303068061074,1423.6823895473158,487.4038559035398,702.4038559035398,False
VHF,60.0,4.996540966666666,25.0,27.25,70.1162462393768,1731.505538353751,4328.763845884378,1417.6904993577032,490.37257635080334,705.3725763508033,False
VHF,60.0,4.996540966666666,25.0,27.5,70.24089604267921,1732.8638579537787,4332.159644884447,1411.748834241806,493.34129679806694,708.3412967980669,False
VHF,60.0,4.996540966666666,25.0,27.75,70.36395903875521,1734.1968402854372,4335.492100713593,1405.8567653421653,496.3100172453304,711.3100172453304,False
VHF,60.0,4.996540966666666,25.0,28.0,70.48546600048428,1735.5051189008639,4338.7627972521595,1400.0136742560755,499.278737692594,714.278737692594,False
VHF,60.0,4.996540966666666,25.0,28.25,70.60544689266922,1736.7893074349877,4341.97326858747,1394.2189528192205,502.2474581398576,717.2474581398576,False
VHF,60.0,4.996540966666666,25.0,28.5,70.7239308989629,1738.0500003615746,4345.125000903937,1388.4720028946626,505.2161785871211,720.216178587121,False
VHF,60.0,4.996540966666666,25.0,28.75,70.84094644770265,1739.287773715567,4348.219434288918,1382.7722361670246,508.18489903438467,723.1848990343847,False
VHF,60.0,4.996540966666666,25.0,29.0,70.95652123670472,1740.503185783453,4351.257964458633,1377.119073941726,511.15361948164826,726.1536194816483,False
VHF,60.0,4.996540966666666,25.0,29.25,71.07068225706867,1741.696777763291,4354.241944408228,1371.5119469491203,514.1223399289117,729.1223399289117,False
VHF,60.0,4.996540966666666,25.0,29.5,71.1834558160378,1742.8690743959176,4357.1726859897935,1365.950295153397,517.0910603761753,732.0910603761753,False
VHF,60.0,4.996540966666666,25.0,29.75,71.29486755896038,1744.0205845687994,4360.051461421998,1360.4335675661182,520.0597808234389,735.0597808234389,False
VHF,60.0,4.996540966666666,25.0,30.0,71.40494249039328,1745.1518018938796,4362.879504734699,1354.961222064253,523.0285012707023,738.0285012707023,False
