offset_line_below_nadir,approx_free_space_range_below_nadir_m,surface_along_track_offset_km,surface_doppler_hz,folded_doppler_hz,inside_center_doppler_band
0,0.0,0.0,0.0,0.0,True
1,15.0,3.0813190937042236,4.369148254394531,4.369148254394531,False
2,30.0,4.358583450317383,6.179948806762695,6.1799468994140625,False
3,45.0,5.337769031524658,7.567958831787109,7.567958831787109,False
4,60.0,6.163967609405518,8.738940238952637,8.738941192626953,False
5,75.0,6.891228199005127,9.769546508789062,9.769546508789062,False
6,90.0,7.549287796020508,10.701957702636719,10.701957702636719,False
7,105.0,8.154413223266602,11.559243202209473,11.559242248535156,False
8,120.0,8.717166900634766,12.356385231018066,12.35638427734375,False
9,135.0,9.246172904968262,13.105619430541992,13.105621337890625,False
10,150.0,9.746508598327637,13.814146041870117,13.81414794921875,False
11,165.0,10.222384452819824,14.48793888092041,14.487937927246094,False
12,180.0,10.677072525024414,15.131640434265137,15.131641387939453,False
13,195.0,11.113171577453613,15.748939514160156,15.748939514160156,False
14,210.0,11.532793045043945,16.34282684326172,16.34282684326172,False
15,225.0,11.93767261505127,16.915769577026367,16.915771484375,False
16,240.0,12.329263687133789,17.469831466674805,17.469833374023438,False
17,255.0,12.70911693572998,18.0072078704834,18.00720977783203,False
18,270.0,13.077629089355469,18.52846336364746,18.528465270996094,False
19,285.0,13.436037063598633,19.035358428955078,19.035358428955078,False
20,300.0,13.785428047180176,19.529428482055664,19.52942657470703,False
21,315.0,14.12588882446289,20.01080322265625,20.01080322265625,False
22,330.0,14.4586181640625,20.48118019104004,20.481178283691406,False
23,345.0,14.783583641052246,20.940515518188477,20.940513610839844,False
24,360.0,15.10183048248291,21.390289306640625,21.390289306640625,False
25,375.0,15.413506507873535,21.830718994140625,21.830718994140625,False
26,390.0,15.718744277954102,22.261981964111328,22.261978149414062,False
27,405.0,16.018421173095703,22.685333251953125,22.685333251953125,False
28,420.0,16.31259536743164,23.100847244262695,23.100845336914062,False
29,435.0,16.60155487060547,23.508943557739258,23.508941650390625,False
30,450.0,16.88557243347168,23.90999984741211,23.910003662109375,False
31,465.0,17.16489028930664,24.304365158081055,24.304367065429688,False
32,480.0,17.439735412597656,24.69236183166504,24.692359924316406,False
33,495.0,17.710315704345703,25.07427978515625,25.07427978515625,False
34,510.0,17.976823806762695,25.450395584106445,25.450393676757812,False
35,525.0,18.239439010620117,25.82097053527832,25.820968627929688,False
36,540.0,18.498546600341797,26.186540603637695,26.186538696289062,False
37,555.0,18.753856658935547,26.546701431274414,26.54669952392578,False
38,570.0,19.005735397338867,26.901975631713867,26.9019775390625,False
39,585.0,19.254535675048828,27.252849578857422,27.252853393554688,False
40,600.0,19.499950408935547,27.598905563354492,27.598907470703125,False
41,615.0,19.742521286010742,27.94090461730957,27.940902709960938,False
42,630.0,19.982149124145508,28.27869987487793,28.278701782226562,False
43,645.0,20.218734741210938,28.612163543701172,28.612167358398438,False
44,660.0,20.452781677246094,28.941999435424805,28.942001342773438,False
45,675.0,20.684181213378906,29.26806640625,29.26806640625,False
46,690.0,20.913021087646484,29.59047508239746,29.590476989746094,False
47,705.0,21.139385223388672,29.909347534179688,29.909347534179688,False
48,720.0,21.36334991455078,30.22479820251465,30.22480010986328,False
49,735.0,21.584989547729492,30.536930084228516,30.53692626953125,False
50,750.0,21.804378509521484,30.84584617614746,30.845848083496094,False
51,765.0,22.02157974243164,31.151643753051758,31.151641845703125,False
52,780.0,22.236661911010742,31.454410552978516,31.45440673828125,False
53,795.0,22.449682235717773,31.754230499267578,31.754226684570312,False
54,810.0,22.66069984436035,32.05119705200195,32.05119323730469,False
55,825.0,22.869951248168945,32.34563064575195,32.34562683105469,False
56,840.0,23.077125549316406,32.6370964050293,32.63710021972656,False
57,855.0,23.28263282775879,32.926185607910156,32.926185607910156,False
58,870.0,23.486167907714844,33.21245574951172,33.21245574951172,False
59,885.0,23.688129425048828,33.49646759033203,33.49646759033203,False
60,900.0,23.888208389282227,33.77779769897461,33.777801513671875,False
61,915.0,24.0867977142334,34.0569953918457,34.05699157714844,False
62,930.0,24.283761978149414,34.333866119384766,34.3338623046875,False
63,945.0,24.478975296020508,34.60823059082031,34.60823059082031,False
64,960.0,24.672807693481445,34.88063049316406,34.88063049316406,False
65,975.0,24.86513328552246,35.15086364746094,35.15086364746094,False
66,990.0,25.055980682373047,35.41897964477539,35.418975830078125,False
67,1005.0,25.245384216308594,35.68503952026367,35.68504333496094,False
68,1020.0,25.43337631225586,35.94906997680664,35.949066162109375,False
69,1035.0,25.619991302490234,36.21113204956055,36.21113586425781,False
70,1050.0,25.80525779724121,36.47126770019531,36.47126770019531,False
71,1065.0,25.98935890197754,36.7297248840332,36.72972106933594,False
72,1080.0,26.17201042175293,36.986114501953125,36.986114501953125,False
73,1095.0,26.353395462036133,37.24068069458008,37.24067687988281,False
74,1110.0,26.533693313598633,37.49370193481445,37.49369812011719,False
75,1125.0,26.712621688842773,37.7447509765625,37.7447509765625,False
76,1140.0,26.89035987854004,37.99409866333008,37.99409484863281,False
77,1155.0,27.067081451416016,38.24199676513672,38.24199676513672,False
78,1170.0,27.242658615112305,38.488243103027344,38.488243103027344,False
79,1185.0,27.416961669921875,38.732666015625,38.732666015625,False
80,1200.0,27.59031105041504,38.97572326660156,38.97572326660156,False
81,1215.0,27.7625789642334,39.217227935791016,39.21722412109375,False
82,1230.0,27.93378257751465,39.45720672607422,39.45720672607422,False
83,1245.0,28.103797912597656,39.69548797607422,39.69548797607422,False
84,1260.0,28.272937774658203,39.93250274658203,39.93250274658203,False
85,1275.0,28.441070556640625,40.16807556152344,40.16807556152344,False
86,1290.0,28.60821533203125,40.4022331237793,40.40223693847656,False
87,1305.0,28.774389266967773,40.63499450683594,40.63499450683594,False
88,1320.0,28.93975067138672,40.8665885925293,40.86659240722656,False
89,1335.0,29.10403060913086,41.09663391113281,41.09663391113281,False
90,1350.0,29.26738929748535,41.32535934448242,41.32536315917969,False
91,1365.0,29.429841995239258,41.55278015136719,41.55278015136719,False
92,1380.0,29.591541290283203,41.779109954833984,41.77911376953125,False
93,1395.0,29.752222061157227,42.00399398803711,42.003997802734375,False
94,1410.0,29.91217803955078,42.22782516479492,42.22782897949219,False
95,1425.0,30.071147918701172,42.45024490356445,42.45024108886719,False
96,1440.0,30.229415893554688,42.671653747558594,42.671653747558594,False
97,1455.0,30.3867244720459,42.891685485839844,42.891685485839844,False
98,1470.0,30.543359756469727,43.11074447631836,43.110748291015625,False
99,1485.0,30.699193954467773,43.32865905761719,43.32865905761719,False
100,1500.0,30.85424041748047,43.54543685913086,43.545440673828125,False
101,1515.0,31.008512496948242,43.7610969543457,43.76109313964844,False
102,1530.0,31.161888122558594,43.97548294067383,-43.55952453613281,False
103,1545.0,31.31464385986328,44.18896484375,-43.346038818359375,False
104,1560.0,31.466659545898438,44.40138626098633,-43.13362121582031,False
105,1575.0,31.618072509765625,44.61293029785156,-42.92207336425781,False
106,1590.0,31.768634796142578,44.82326126098633,-42.71174621582031,False
107,1605.0,31.918487548828125,45.032569885253906,-42.50243377685547,False
108,1620.0,32.06764221191406,45.24087142944336,-42.29412841796875,False
109,1635.0,32.216102600097656,45.44818115234375,-42.086822509765625,False
110,1650.0,32.364009857177734,45.65468215942383,-41.88032531738281,False
111,1665.0,32.51111602783203,45.86003875732422,-41.674964904785156,False
112,1680.0,32.65768814086914,46.06462478637695,-41.47038269042969,False
113,1695.0,32.80348205566406,46.26808547973633,-41.26692199707031,False
114,1710.0,32.94874954223633,46.47079086303711,-41.064208984375,False
115,1725.0,33.09326171875,46.67241287231445,-40.86259460449219,False
116,1740.0,33.237266540527344,46.873294830322266,-40.661712646484375,False
117,1755.0,33.38064956665039,47.07328414916992,-40.46171569824219,False
118,1770.0,33.52341842651367,47.27239227294922,-40.262611389160156,False
119,1785.0,33.665462493896484,47.470455169677734,-40.064544677734375,False
120,1800.0,33.80702590942383,47.667823791503906,-39.86717987060547,False
121,1815.0,33.94800567626953,47.86434555053711,-39.670654296875,False
122,1830.0,34.08839797973633,48.06003189086914,-39.4749755859375,False
123,1845.0,34.228214263916016,48.25487518310547,-39.280128479003906,False
124,1860.0,34.36758041381836,48.449073791503906,-39.08592987060547,False
125,1875.0,34.50627136230469,48.64229965209961,-38.8927001953125,False
126,1890.0,34.64440155029297,48.834716796875,-38.700286865234375,False
127,1905.0,34.781986236572266,49.026344299316406,-38.50865936279297,False
128,1920.0,34.91913986206055,49.21735382080078,-38.317649841308594,False
129,1935.0,35.05564498901367,49.40742111206055,-38.12757873535156,False
130,1950.0,35.191619873046875,49.59672927856445,-37.93827819824219,False
131,1965.0,35.327186584472656,49.78544616699219,-37.74955749511719,False
132,1980.0,35.46223831176758,49.97341537475586,-37.56158447265625,False
133,1995.0,35.59666061401367,50.16048049926758,-37.37452697753906,False
134,2010.0,35.730690002441406,50.34697723388672,-37.188026428222656,False
135,2025.0,35.864219665527344,50.53274917602539,-37.00225830078125,False
136,2040.0,35.99713897705078,50.71764373779297,-36.817359924316406,False
137,2055.0,36.12968826293945,50.902000427246094,-36.63300323486328,False
138,2070.0,36.26174545288086,51.08565139770508,-36.44935607910156,False
139,2085.0,36.39332962036133,51.268611907958984,-36.266387939453125,False
140,2100.0,36.524436950683594,51.45088195800781,-36.08412170410156,False
141,2115.0,36.65507507324219,51.632484436035156,-35.90251922607422,False
142,2130.0,36.78525161743164,51.81340789794922,-35.721595764160156,False
143,2145.0,36.91496658325195,51.99366760253906,-35.54133605957031,False
144,2160.0,37.044334411621094,52.173431396484375,-35.361572265625,False
145,2175.0,37.17314910888672,52.352386474609375,-35.1826171875,False
146,2190.0,37.301517486572266,52.530696868896484,-35.004302978515625,False
147,2205.0,37.42955017089844,52.708526611328125,-34.82647705078125,False
148,2220.0,37.557037353515625,52.88556671142578,-34.649436950683594,False
149,2235.0,37.684207916259766,53.062137603759766,-34.472869873046875,False
150,2250.0,37.81084060668945,53.23794174194336,-34.29705810546875,False
151,2265.0,37.937156677246094,53.41328811645508,-34.12171936035156,False
152,2280.0,38.062950134277344,53.58787536621094,-33.94712829589844,False
153,2295.0,38.18843078613281,53.762001037597656,-33.77300262451172,False
154,2310.0,38.31350326538086,53.935550689697266,-33.599456787109375,False
155,2325.0,38.438167572021484,54.108497619628906,-33.42650604248047,False
156,2340.0,38.56243133544922,54.28086471557617,-33.25413513183594,False
157,2355.0,38.68629455566406,54.45265579223633,-33.08235168457031,False
158,2370.0,38.80976104736328,54.62387466430664,-32.9111328125,False
159,2385.0,38.93283462524414,54.79452133178711,-32.740478515625,False
160,2400.0,39.05552291870117,54.9646110534668,-32.57038879394531,False
161,2415.0,39.17782974243164,55.13414001464844,-32.40086364746094,False
162,2430.0,39.29975509643555,55.303123474121094,-32.23188018798828,False
163,2445.0,39.421295166015625,55.471553802490234,-32.063446044921875,False
164,2460.0,39.54257583618164,55.639591217041016,-31.895416259765625,False
165,2475.0,39.66337966918945,55.80694580078125,-31.728057861328125,False
166,2490.0,39.7838134765625,55.9737663269043,-31.561233520507812,False
167,2505.0,39.903987884521484,56.14021682739258,-31.394790649414062,False
168,2520.0,40.023799896240234,56.30612564086914,-31.2288818359375,False
169,2535.0,40.143157958984375,56.471378326416016,-31.063629150390625,False
170,2550.0,40.26225662231445,56.636268615722656,-30.89873504638672,False
171,2565.0,40.38090515136719,56.800498962402344,-30.73450469970703,False
172,2580.0,40.49930953979492,56.9643669128418,-30.570632934570312,False
173,2595.0,40.617366790771484,57.12773895263672,-30.407264709472656,False
174,2610.0,40.73508071899414,57.29060745239258,-30.244400024414062,False
175,2625.0,40.852455139160156,57.45298385620117,-30.082015991210938,False
176,2640.0,40.96950149536133,57.61488342285156,-29.920120239257812,False
177,2655.0,41.08620834350586,57.77629470825195,-29.758712768554688,False
178,2670.0,41.20258331298828,57.937217712402344,-29.59778594970703,False
179,2685.0,41.31863021850586,58.0976676940918,-29.437332153320312,False
180,2700.0,41.43435287475586,58.25764846801758,-29.277359008789062,False
181,2715.0,41.54985046386719,58.417301177978516,-29.117706298828125,False
182,2730.0,41.66493225097656,58.57634353637695,-28.958663940429688,False
183,2745.0,41.77969741821289,58.73494338989258,-28.800064086914062,False
184,2760.0,41.89424514770508,58.89320755004883,-28.641799926757812,False
185,2775.0,42.008384704589844,59.050880432128906,-28.48412322998047,False
186,2790.0,42.12230682373047,59.20824432373047,-28.326759338378906,False
187,2805.0,42.23583221435547,59.36502456665039,-28.16998291015625,False
188,2820.0,42.349143981933594,59.52149963378906,-28.013504028320312,False
189,2835.0,42.462154388427734,59.67753601074219,-27.857467651367188,False
190,2850.0,42.57476806640625,59.83299255371094,-27.702011108398438,False
191,2865.0,42.68718338012695,59.988155364990234,-27.546844482421875,False
192,2880.0,42.7993049621582,60.14289855957031,-27.392105102539062,False
193,2895.0,42.911128997802734,60.29720687866211,-27.23779296875,False
194,2910.0,43.02266311645508,60.451087951660156,-27.08391571044922,False
195,2925.0,43.1339111328125,60.60456085205078,-26.930442810058594,False
196,2940.0,43.244869232177734,60.75761413574219,-26.777389526367188,False
197,2955.0,43.35554504394531,60.910247802734375,-26.624755859375,False
198,2970.0,43.4659423828125,61.06247329711914,-26.4725341796875,False
199,2985.0,43.57615280151367,61.21442794799805,-26.320571899414062,False
200,3000.0,43.68598937988281,61.3658447265625,-26.169158935546875,False
201,3015.0,43.79555130004883,61.5168571472168,-26.018142700195312,False
202,3030.0,43.90493392944336,61.66761016845703,-25.867393493652344,False
203,3045.0,44.01395034790039,61.81782531738281,-25.717178344726562,False
204,3060.0,44.12278747558594,61.96778106689453,-25.567222595214844,False
205,3075.0,44.23126983642578,62.11722183227539,-25.41778564453125,False
206,3090.0,44.339576721191406,62.26640701293945,-25.268600463867188,False
207,3105.0,44.4476203918457,62.415199279785156,-25.11980438232422,False
208,3120.0,44.5553092956543,62.56349182128906,-24.971511840820312,False
209,3135.0,44.66282653808594,62.71152114868164,-24.823486328125,False
210,3150.0,44.77009201049805,62.85918045043945,-24.675827026367188,False
211,3165.0,44.877098083496094,63.00646209716797,-24.528541564941406,False
212,3180.0,44.98385238647461,63.15338897705078,-24.381614685058594,False
213,3195.0,45.09035110473633,63.299930572509766,-24.235076904296875,False
214,3210.0,45.196598052978516,63.446102142333984,-24.088897705078125,False
215,3225.0,45.30259704589844,63.59192657470703,-23.943077087402344,False
216,3240.0,45.408348083496094,63.73738098144531,-23.797622680664062,False
217,3255.0,45.51385498046875,63.882476806640625,-23.65252685546875,False
218,3270.0,45.619205474853516,64.02734375,-23.507659912109375,False
219,3285.0,45.72422790527344,64.1717300415039,-23.36327362060547,False
220,3300.0,45.829002380371094,64.31576538085938,-23.21923828125,False
221,3315.0,45.933631896972656,64.45957946777344,-23.075424194335938,False
222,3330.0,46.03793716430664,64.60292053222656,-22.932083129882812,False
223,3345.0,46.14208984375,64.74603271484375,-22.788970947265625,False
224,3360.0,46.246009826660156,64.88882446289062,-22.64617919921875,False
225,3375.0,46.349609375,65.03113555908203,-22.503868103027344,False
226,3390.0,46.453067779541016,65.17323303222656,-22.361770629882812,False
227,3405.0,46.55629348754883,65.31499481201172,-22.220008850097656,False
228,3420.0,46.65929412841797,65.45642852783203,-22.078575134277344,False
229,3435.0,46.762062072753906,65.59751892089844,-21.937484741210938,False
230,3450.0,46.86460876464844,65.73828887939453,-21.796714782714844,False
231,3465.0,46.9669303894043,65.87873840332031,-21.656265258789062,False
232,3480.0,47.06903076171875,66.01885223388672,-21.516151428222656,False
233,3495.0,47.1709098815918,66.15864562988281,-21.376358032226562,False
234,3510.0,47.27256774902344,66.2981185913086,-21.23688507080078,False
235,3525.0,47.37400817871094,66.43727111816406,-21.097732543945312,False
236,3540.0,47.47523498535156,66.57611083984375,-20.958892822265625,False
237,3555.0,47.57632827758789,66.71475982666016,-20.82024383544922,False
238,3570.0,47.677120208740234,66.85295867919922,-20.682044982910156,False
239,3585.0,47.77779006958008,66.99097442626953,-20.544029235839844,False
240,3600.0,47.87815856933594,67.1285629272461,-20.40644073486328,False
241,3615.0,47.9784049987793,67.2659683227539,-20.26903533935547,False
242,3630.0,48.07835388183594,67.40293884277344,-20.132064819335938,False
243,3645.0,48.17818832397461,67.53973388671875,-19.995269775390625,False
244,3660.0,48.277809143066406,67.67622375488281,-19.858779907226562,False
245,3675.0,48.377140045166016,67.81228637695312,-19.72271728515625,False
246,3690.0,48.476356506347656,67.94817352294922,-19.586830139160156,False
247,3705.0,48.57536697387695,68.08377075195312,-19.45123291015625,False
248,3720.0,48.67417526245117,68.21907043457031,-19.315933227539062,False
249,3735.0,48.772789001464844,68.35408020019531,-19.180923461914062,False
250,3750.0,48.87120056152344,68.4887924194336,-19.04621124267578,False
251,3765.0,48.96940994262695,68.62320709228516,-18.91179656982422,False
252,3780.0,49.06742477416992,68.75733947753906,-18.777664184570312,False
253,3795.0,49.16524887084961,68.89120483398438,-18.643798828125,False
254,3810.0,49.26295852661133,69.0248794555664,-18.51012420654297,False
255,3825.0,49.360389709472656,69.15815734863281,-18.376846313476562,False
256,3840.0,49.45763397216797,69.2911605834961,-18.24384307861328,False
257,3855.0,49.55476379394531,69.42399597167969,-18.111007690429688,False
258,3870.0,49.65163040161133,69.55644226074219,-17.978561401367188,False
259,3885.0,49.748382568359375,69.68871307373047,-17.846290588378906,False
260,3900.0,49.844947814941406,69.82072448730469,-17.714279174804688,False
261,3915.0,49.941246032714844,69.95233917236328,-17.582664489746094,False
262,3930.0,50.03744125366211,70.08379364013672,-17.451210021972656,False
263,3945.0,50.133453369140625,70.21499633789062,-17.32000732421875,False
264,3960.0,50.22919464111328,70.34578704833984,-17.18921661376953,False
265,3975.0,50.3248405456543,70.4764404296875,-17.058563232421875,False
266,3990.0,50.42030334472656,70.60682678222656,-16.928176879882812,False
267,4005.0,50.515586853027344,70.73694610595703,-16.798057556152344,False
268,4020.0,50.610687255859375,70.8667984008789,-16.66820526123047,False
269,4035.0,50.70561218261719,70.99639892578125,-16.538604736328125,False
270,4050.0,50.80044174194336,71.12584686279297,-16.409156799316406,False
271,4065.0,50.89501190185547,71.25492095947266,-16.28008270263672,False
272,4080.0,50.98940658569336,71.38373565673828,-16.151268005371094,False
273,4095.0,51.0836296081543,71.51229858398438,-16.022705078125,False
274,4110.0,51.17775344848633,71.64071655273438,-15.894287109375,False
275,4125.0,51.271629333496094,71.76876068115234,-15.766242980957031,False
276,4140.0,51.365413665771484,71.89669036865234,-15.638313293457031,False
277,4155.0,51.458946228027344,72.02423858642578,-15.510765075683594,False
278,4170.0,51.55238723754883,72.15164184570312,-15.38336181640625,False
279,4185.0,51.64558029174805,72.27870178222656,-15.256301879882812,False
280,4200.0,51.738685607910156,72.40560913085938,-15.12939453125,False
281,4215.0,51.831626892089844,72.53227996826172,-15.002723693847656,False
282,4230.0,51.92439270019531,72.65870666503906,-14.876296997070312,False
283,4245.0,52.01692199707031,72.78478240966797,-14.750221252441406,False
284,4260.0,52.1093635559082,72.91072082519531,-14.624282836914062,False
285,4275.0,52.20164108276367,73.03641510009766,-14.498588562011719,False
286,4290.0,52.293758392333984,73.16188049316406,-14.373123168945312,False
287,4305.0,52.385711669921875,73.28710174560547,-14.247901916503906,False
288,4320.0,52.47758102416992,73.41218566894531,-14.122817993164062,False
289,4335.0,52.569210052490234,73.53694152832031,-13.998062133789062,False
290,4350.0,52.660682678222656,73.66145324707031,-13.873550415039062,False
291,4365.0,52.75199508666992,73.78572845458984,-13.749275207519531,False
292,4380.0,52.843231201171875,73.90989685058594,-13.625106811523438,False
293,4395.0,52.93423080444336,74.03370666503906,-13.501296997070312,False
294,4410.0,53.025150299072266,74.15740203857422,-13.377601623535156,False
295,4425.0,53.11583709716797,74.28076171875,-13.254241943359375,False
296,4440.0,53.206443786621094,74.40399932861328,-13.131004333496094,False
297,4455.0,53.29682540893555,74.52689361572266,-13.008110046386719,False
298,4470.0,53.387123107910156,74.64968872070312,-12.88531494140625,False
299,4485.0,53.47727584838867,74.77224731445312,-12.76275634765625,False
300,4500.0,53.567195892333984,74.89447021484375,-12.640533447265625,False
301,4515.0,53.65704345703125,75.01658630371094,-12.518417358398438,False
302,4530.0,53.746742248535156,75.13848876953125,-12.396514892578125,False
303,4545.0,53.83628845214844,75.2601547241211,-12.274848937988281,False
304,4560.0,53.92568588256836,75.38160705566406,-12.153396606445312,False
305,4575.0,54.01493835449219,75.50283813476562,-12.03216552734375,False
306,4590.0,54.104042053222656,75.62386322021484,-11.911140441894531,False
307,4605.0,54.19307327270508,75.74476623535156,-11.790237426757812,False
308,4620.0,54.28188705444336,75.8653564453125,-11.669647216796875,False
309,4635.0,54.37055206298828,75.98572540283203,-11.549278259277344,False
310,4650.0,54.459075927734375,76.10588836669922,-11.429115295410156,False
311,4665.0,54.54752731323242,76.22594451904297,-11.309059143066406,False
312,4680.0,54.63576126098633,76.34567260742188,-11.1893310546875,False
313,4695.0,54.72393035888672,76.4653091430664,-11.069694519042969,False
314,4710.0,54.8118782043457,76.58463287353516,-10.950370788574219,False
315,4725.0,54.89976501464844,76.70384216308594,-10.831161499023438,False
316,4740.0,54.987510681152344,76.82284545898438,-10.712158203125,False
317,4755.0,55.07503890991211,76.94154357910156,-10.593460083007812,False
318,4770.0,55.16250228881836,77.06014251708984,-10.474861145019531,False
319,4785.0,55.24983215332031,77.17852783203125,-10.356475830078125,False
320,4800.0,55.3370246887207,77.29671478271484,-10.238288879394531,False
321,4815.0,55.424076080322266,77.41470336914062,-10.12030029296875,False
322,4830.0,55.510990142822266,77.53248596191406,-10.002517700195312,False
323,4845.0,55.59777069091797,77.65006256103516,-9.884941101074219,False
324,4860.0,55.68441390991211,77.76744842529297,-9.767555236816406,False
325,4875.0,55.77092361450195,77.88462829589844,-9.650375366210938,False
326,4890.0,55.8572998046875,78.00161743164062,-9.53338623046875,False
327,4905.0,55.9436149597168,78.1185073852539,-9.416496276855469,False
328,4920.0,56.029727935791016,78.23509979248047,-9.299903869628906,False
329,4935.0,56.11570358276367,78.35148620605469,-9.183517456054688,False
330,4950.0,56.201622009277344,78.4677963256836,-9.067207336425781,False
331,4965.0,56.28733444213867,78.58380889892578,-8.951194763183594,False
332,4980.0,56.37299346923828,78.69972229003906,-8.835281372070312,False
333,4995.0,56.45845031738281,78.81534576416016,-8.719657897949219,False
334,5010.0,56.543846130371094,78.93087768554688,-8.6041259765625,False
335,5025.0,56.62911605834961,79.04621887207031,-8.488784790039062,False
336,5040.0,56.714256286621094,79.16136932373047,-8.373634338378906,False
337,5055.0,56.799198150634766,79.27623748779297,-8.258766174316406,False
338,5070.0,56.88408660888672,79.39100646972656,-8.143997192382812,False
339,5085.0,56.96884536743164,79.5055923461914,-8.029411315917969,False
340,5100.0,57.0534782409668,79.62000274658203,-7.915000915527344,False
341,5115.0,57.13798904418945,79.73421478271484,-7.800788879394531,False
342,5130.0,57.22237014770508,79.84825134277344,-7.6867523193359375,False
343,5145.0,57.30670166015625,79.96220397949219,-7.5727996826171875,False
344,5160.0,57.390838623046875,80.07585906982422,-7.459144592285156,False
345,5175.0,57.474849700927734,80.18934631347656,-7.3456573486328125,False
346,5190.0,57.55874252319336,80.3026351928711,-7.232368469238281,False
347,5205.0,57.642578125,80.41585540771484,-7.119148254394531,False
348,5220.0,57.726226806640625,80.52880096435547,-7.006202697753906,False
349,5235.0,57.8098258972168,80.64165496826172,-6.893348693847656,False
350,5250.0,57.893226623535156,80.75424194335938,-6.78076171875,False
351,5265.0,57.97658157348633,80.86673736572266,-6.668266296386719,False
352,5280.0,58.05974578857422,80.97895812988281,-6.5560455322265625,False
353,5295.0,58.14286422729492,81.09111785888672,-6.443885803222656,False
354,5310.0,58.22586441040039,81.20309448242188,-6.3319091796875,False
355,5325.0,58.30874252319336,81.31488800048828,-6.220115661621094,False
356,5340.0,58.391502380371094,81.426513671875,-6.108489990234375,False
357,5355.0,58.47414779663086,81.53795623779297,-5.997047424316406,False
358,5370.0,58.55667495727539,81.64923095703125,-5.885772705078125,False
359,5385.0,58.63909149169922,81.76033782958984,-5.774665832519531,False
360,5400.0,58.72138595581055,81.87126922607422,-5.663734436035156,False
361,5415.0,58.803565979003906,81.98202514648438,-5.552978515625,False
362,5430.0,58.8856315612793,82.09260559082031,-5.4423980712890625,False
363,5445.0,58.967586517333984,82.20304107666016,-5.331962585449219,False
364,5460.0,59.049495697021484,82.31338500976562,-5.22161865234375,False
365,5475.0,59.13121795654297,82.42346954345703,-5.111534118652344,False
366,5490.0,59.212833404541016,82.53338623046875,-5.001617431640625,False
367,5505.0,59.294403076171875,82.64323425292969,-4.8917694091796875,False
368,5520.0,59.375789642333984,82.7528076171875,-4.782196044921875,False
369,5535.0,59.45713806152344,82.86233520507812,-4.67266845703125,False
370,5550.0,59.53837203979492,82.9716796875,-4.563323974609375,False
371,5565.0,59.61942672729492,83.08076477050781,-4.4542388916015625,False
372,5580.0,59.700443267822266,83.1897964477539,-4.345207214355469,False
373,5595.0,59.78134536743164,83.29864501953125,-4.236358642578125,False
374,5610.0,59.86214065551758,83.40734100341797,-4.127662658691406,False
375,5625.0,59.94282531738281,83.51587677001953,-4.019126892089844,False
376,5640.0,60.02340316772461,83.62425231933594,-3.9107513427734375,False
377,5655.0,60.1038703918457,83.73246002197266,-3.8025436401367188,False
378,5670.0,60.184234619140625,83.84050750732422,-3.6944961547851562,False
379,5685.0,60.264488220214844,83.94840240478516,-3.5866012573242188,False
380,5700.0,60.344635009765625,84.0561294555664,-3.4788742065429688,False
381,5715.0,60.42467498779297,84.16370391845703,-3.3712997436523438,False
382,5730.0,60.50468063354492,84.27122497558594,-3.2637786865234375,False
383,5745.0,60.584510803222656,84.37848663330078,-3.1565093994140625,False
384,5760.0,60.66423416137695,84.48558044433594,-3.0494232177734375,False
385,5775.0,60.74392318725586,84.5926284790039,-2.9423675537109375,False
386,5790.0,60.82344055175781,84.69942474365234,-2.8355865478515625,False
387,5805.0,60.90291976928711,84.80615234375,-2.728851318359375,False
388,5820.0,60.98222732543945,84.91264343261719,-2.6223602294921875,False
389,5835.0,61.061500549316406,85.0190658569336,-2.5159454345703125,False
390,5850.0,61.14067077636719,85.12533569335938,-2.40966796875,False
391,5865.0,61.2197380065918,85.23145294189453,-2.3035430908203125,False
392,5880.0,61.298702239990234,85.3374252319336,-2.1975860595703125,False
393,5895.0,61.377498626708984,85.44314575195312,-2.09185791015625,False
394,5910.0,61.45626449584961,85.54881286621094,-1.9861907958984375,False
395,5925.0,61.53492736816406,85.65433502197266,-1.8806610107421875,False
396,5940.0,61.613487243652344,85.75969696044922,-1.7753143310546875,False
397,5955.0,61.6920166015625,85.86500549316406,-1.6699981689453125,False
398,5970.0,61.77037811279297,85.97007751464844,-1.5649261474609375,False
399,5985.0,61.84864044189453,86.07499694824219,-1.4600067138671875,False
400,6000.0,61.92680358886719,86.17977142333984,-1.3552398681640625,False
401,6015.0,62.00493621826172,86.28450012207031,-1.2505035400390625,False
402,6030.0,62.08290100097656,86.38896942138672,-1.1460418701171875,False
403,6045.0,62.16083908081055,86.49339294433594,-1.0416107177734375,False
404,6060.0,62.238609313964844,86.59758758544922,-0.9374237060546875,False
405,6075.0,62.31635284423828,86.70172119140625,-0.833282470703125,False
406,6090.0,62.39392852783203,86.80561828613281,-0.7293853759765625,False
407,6105.0,62.47147750854492,86.90946197509766,-0.6255340576171875,False
408,6120.0,62.548927307128906,87.01316833496094,-0.5218353271484375,False
409,6135.0,62.62621307373047,87.11663818359375,-0.418365478515625,False
410,6150.0,62.70347595214844,87.22005462646484,-0.3149566650390625,False
411,6165.0,62.7806396484375,87.3233413696289,-0.2116546630859375,False
412,6180.0,62.85771179199219,87.42646789550781,-0.1085357666015625,True
413,6195.0,62.934688568115234,87.52946472167969,-0.0055389404296875,True
414,6210.0,63.011566162109375,87.63231658935547,0.0973052978515625,True
415,6225.0,63.088356018066406,87.73503875732422,0.2000274658203125,False
416,6240.0,63.1650505065918,87.83760833740234,0.3025970458984375,False
417,6255.0,63.24171447753906,87.94013214111328,0.4051361083984375,False
418,6270.0,63.3182258605957,88.04243469238281,0.5074310302734375,False
419,6285.0,63.3946418762207,88.14459228515625,0.609588623046875,False
420,6300.0,63.471031188964844,88.2467041015625,0.711700439453125,False
421,6315.0,63.54726028442383,88.34858703613281,0.8135833740234375,False
422,6330.0,63.623470306396484,88.45042419433594,0.9154205322265625,False
423,6345.0,63.699520111083984,88.55203247070312,1.01702880859375,False
424,6360.0,63.775543212890625,88.65361022949219,1.1186065673828125,False
425,6375.0,63.851409912109375,88.75494384765625,1.219940185546875,False
426,6390.0,63.92725372314453,88.85623931884766,1.3212432861328125,False
427,6405.0,64.00300598144531,88.95741271972656,1.4224090576171875,False
428,6420.0,64.07867431640625,89.05843353271484,1.5234222412109375,False
429,6435.0,64.15424346923828,89.1593246459961,1.6243133544921875,False
430,6450.0,64.22966766357422,89.260009765625,1.725006103515625,False
431,6465.0,64.30506896972656,89.36064147949219,1.8256378173828125,False
432,6480.0,64.38043975830078,89.46121978759766,1.9262237548828125,False
433,6495.0,64.45565795898438,89.56158447265625,2.026580810546875,False
434,6510.0,64.53079223632812,89.66181945800781,2.1268157958984375,False
435,6525.0,64.6058349609375,89.76192474365234,2.2269134521484375,False
436,6540.0,64.68079376220703,89.86190795898438,2.326904296875,False
437,6555.0,64.75572967529297,89.96183013916016,2.4268341064453125,False
438,6570.0,64.83051300048828,90.0615463256836,2.5265350341796875,False
439,6585.0,64.90521240234375,90.16112518310547,2.6261138916015625,False
440,6600.0,64.97988891601562,90.26068115234375,2.725677490234375,False
441,6615.0,65.0544204711914,90.3600082397461,2.8249969482421875,False
442,6630.0,65.12892150878906,90.45928955078125,2.924285888671875,False
443,6645.0,65.2033462524414,90.55845642089844,3.0234527587890625,False
444,6660.0,65.27761840820312,90.65740966796875,3.122406005859375,False
445,6675.0,65.35186767578125,90.75630950927734,3.2212982177734375,False
446,6690.0,65.42603302001953,90.85509490966797,3.3200836181640625,False
447,6705.0,65.50011444091797,90.95375061035156,3.4187469482421875,False
448,6720.0,65.5741195678711,91.05227661132812,3.51727294921875,False
449,6735.0,65.64803314208984,91.15068817138672,3.6156768798828125,False
450,6750.0,65.72186279296875,91.24896240234375,3.713958740234375,False
451,6765.0,65.79560852050781,91.34711456298828,3.8121185302734375,False
452,6780.0,65.86927795410156,91.44515228271484,3.9101409912109375,False
453,6795.0,65.94285583496094,91.54306030273438,4.008056640625,False
454,6810.0,66.01636505126953,91.64085388183594,4.1058502197265625,False
455,6825.0,66.08984375,91.73858642578125,4.203582763671875,False
456,6840.0,66.1631851196289,91.83614349365234,4.3011322021484375,False
457,6855.0,66.23651123046875,91.93364715576172,4.3986358642578125,False
458,6870.0,66.30967712402344,92.03093719482422,4.4959259033203125,False
459,6885.0,66.38284301757812,92.12821960449219,4.5932159423828125,False
460,6900.0,66.45585632324219,92.22527313232422,4.6902618408203125,False
461,6915.0,66.52885437011719,92.32228088378906,4.7872772216796875,False
462,6930.0,66.6017074584961,92.41911315917969,4.8841094970703125,False
463,6945.0,66.67454528808594,92.5158920288086,4.9808807373046875,False
464,6960.0,66.74730682373047,92.61254119873047,5.0775299072265625,False
465,6975.0,66.81998443603516,92.70909881591797,5.1740875244140625,False
466,6990.0,66.89258575439453,92.8055191040039,5.2705230712890625,False
467,7005.0,66.9651107788086,92.9018325805664,5.3668365478515625,False
468,7020.0,67.03754425048828,92.99800872802734,5.4629974365234375,False
469,7035.0,67.10991668701172,93.09410095214844,5.5590972900390625,False
470,7050.0,67.18220520019531,93.19005584716797,5.6550445556640625,False
471,7065.0,67.25440979003906,93.28588104248047,5.7508697509765625,False
472,7080.0,67.3265380859375,93.38160705566406,5.8466033935546875,False
473,7095.0,67.3986587524414,93.47730255126953,5.9423065185546875,False
474,7110.0,67.47063446044922,93.57278442382812,6.03778076171875,False
475,7125.0,67.54253387451172,93.66816711425781,6.1331634521484375,False
476,7140.0,67.61441040039062,93.76351165771484,6.2285003662109375,False
477,7155.0,67.68616485595703,93.85865783691406,6.3236541748046875,False
478,7170.0,67.75789642333984,93.95378112792969,6.4187774658203125,False
479,7185.0,67.82955169677734,94.04877471923828,6.5137786865234375,False
480,7200.0,67.90107727050781,94.14358520507812,6.60858154296875,False
481,7215.0,67.97257995605469,94.23835754394531,6.7033538818359375,False
482,7230.0,68.04400634765625,94.33301544189453,6.7980194091796875,False
483,7245.0,68.11536407470703,94.42756652832031,6.8925628662109375,False
484,7260.0,68.1866455078125,94.52200317382812,6.98699951171875,False
485,7275.0,68.25785064697266,94.6163330078125,7.081329345703125,False
486,7290.0,68.32898712158203,94.71054077148438,7.175537109375,False
487,7305.0,68.4000473022461,94.80464935302734,7.2696380615234375,False
488,7320.0,68.47103118896484,94.89864349365234,7.3636322021484375,False
489,7335.0,68.54193878173828,94.99251556396484,7.4575042724609375,False
490,7350.0,68.6127700805664,95.08628845214844,7.5512847900390625,False
491,7365.0,68.68354034423828,95.17994689941406,7.6449432373046875,False
492,7380.0,68.75428771972656,95.2735824584961,7.7385711669921875,False
493,7395.0,68.82491302490234,95.36702728271484,7.8320159912109375,False
494,7410.0,68.89551544189453,95.46044158935547,7.9254302978515625,False
495,7425.0,68.96599578857422,95.55366516113281,8.018661499023438,False
496,7440.0,69.03645324707031,95.64686584472656,8.111862182617188,False
497,7455.0,69.10678100585938,95.7398681640625,8.204864501953125,False
498,7470.0,69.1771011352539,95.83285522460938,8.2978515625,False
499,7485.0,69.24735260009766,95.92572784423828,8.390731811523438,False
500,7500.0,69.31746673583984,96.0184097290039,8.483413696289062,False
501,7515.0,69.3875732421875,96.11107635498047,8.576065063476562,False
502,7530.0,69.45760345458984,96.20362854003906,8.668624877929688,False
503,7545.0,69.52757263183594,96.29607391357422,8.761062622070312,False
504,7560.0,69.59745788574219,96.38842010498047,8.853408813476562,False
505,7575.0,69.66728973388672,96.48065948486328,8.945663452148438,False
506,7590.0,69.7370376586914,96.57278442382812,9.03778076171875,False
507,7605.0,69.80671691894531,96.66481018066406,9.129806518554688,False
508,7620.0,69.87639617919922,96.75682067871094,9.221817016601562,False
509,7635.0,69.94593811035156,96.84862518310547,9.313613891601562,False
510,7650.0,70.01541137695312,96.94034576416016,9.405349731445312,False
511,7665.0,70.08488464355469,97.03204345703125,9.497039794921875,False
512,7680.0,70.15422058105469,97.12353515625,9.588531494140625,False
513,7695.0,70.22354888916016,97.21501159667969,9.680007934570312,False
514,7710.0,70.2927474975586,97.30632019042969,9.771316528320312,False
515,7725.0,70.3619384765625,97.39759063720703,9.862594604492188,False
516,7740.0,70.4310073852539,97.48868560791016,9.953689575195312,False
517,7755.0,70.50006103515625,97.57976531982422,10.044754028320312,False
518,7770.0,70.56904602050781,97.67073059082031,10.135726928710938,False
519,7785.0,70.63796997070312,97.7615966796875,10.226593017578125,False
520,7800.0,70.70681762695312,97.85237121582031,10.317367553710938,False
521,7815.0,70.7756118774414,97.94303131103516,10.408035278320312,False
522,7830.0,70.84432983398438,98.0335922241211,10.498580932617188,False
523,7845.0,70.9129867553711,98.12406921386719,10.589065551757812,False
524,7860.0,70.9815673828125,98.21443176269531,10.679428100585938,False
525,7875.0,71.05008697509766,98.30467987060547,10.769668579101562,False
526,7890.0,71.11854553222656,98.39485931396484,10.859848022460938,False
527,7905.0,71.18692779541016,98.48491668701172,10.949905395507812,False
528,7920.0,71.25531005859375,98.57496643066406,11.039962768554688,False
529,7935.0,71.32357025146484,98.66482543945312,11.12982177734375,False
530,7950.0,71.39176940917969,98.75460052490234,11.219589233398438,False
531,7965.0,71.45994567871094,98.84434509277344,11.309341430664062,False
532,7980.0,71.52800750732422,98.93391418457031,11.398910522460938,False
533,7995.0,71.59606170654297,99.02347564697266,11.488479614257812,False
534,8010.0,71.66405487060547,99.11293029785156,11.577926635742188,False
535,8025.0,71.73191833496094,99.20220184326172,11.667190551757812,False
536,8040.0,71.79978942871094,99.2914810180664,11.756484985351562,False
537,8055.0,71.86758422851562,99.38064575195312,11.84564208984375,False
538,8070.0,71.93531799316406,99.4697036743164,11.934707641601562,False
539,8085.0,72.00298309326172,99.55867767333984,12.023666381835938,False
540,8100.0,72.07059478759766,99.6475601196289,12.112564086914062,False
541,8115.0,72.13813018798828,99.736328125,12.201324462890625,False
542,8130.0,72.20561981201172,99.82502746582031,12.290023803710938,False
543,8145.0,72.27303314208984,99.91360473632812,12.37860107421875,False
544,8160.0,72.34038543701172,100.00209045410156,12.467086791992188,False
545,8175.0,72.40767669677734,100.09049987792969,12.555496215820312,False
546,8190.0,72.47496032714844,100.17887878417969,12.643875122070312,False
547,8205.0,72.54212951660156,100.26709747314453,12.732101440429688,False
548,8220.0,72.60929107666016,100.35527801513672,12.820266723632812,False
549,8235.0,72.67633819580078,100.44331359863281,12.908309936523438,False
550,8250.0,72.74337005615234,100.53131103515625,12.996307373046875,False
551,8265.0,72.81028747558594,100.61914825439453,13.084152221679688,False
552,8280.0,72.87720489501953,100.70697784423828,13.171981811523438,False
553,8295.0,72.94400024414062,100.79462432861328,13.259628295898438,False
554,8310.0,73.01078796386719,100.88225555419922,13.347244262695312,False
555,8325.0,73.0775146484375,100.96979522705078,13.434799194335938,False
556,8340.0,73.1441879272461,101.05724334716797,13.522232055664062,False
557,8355.0,73.21080017089844,101.14459991455078,13.609603881835938,False
558,8370.0,73.27734375,101.23185729980469,13.696853637695312,False
559,8385.0,73.34383392333984,101.31904602050781,13.784042358398438,False
560,8400.0,73.4102554321289,101.4061279296875,13.871124267578125,False
561,8415.0,73.47662353515625,101.49311828613281,13.958114624023438,False
562,8430.0,73.54293823242188,101.58003234863281,14.045028686523438,False
563,8445.0,73.60917663574219,101.66682434082031,14.131820678710938,False
564,8460.0,73.67542266845703,101.75362396240234,14.218612670898438,False
565,8475.0,73.7415542602539,101.84026336669922,14.305252075195312,False
566,8490.0,73.80762481689453,101.92680358886719,14.391799926757812,False
567,8505.0,73.87368774414062,102.0133285522461,14.478317260742188,False
568,8520.0,73.93964385986328,102.09969329833984,14.564682006835938,False
569,8535.0,74.00558471679688,102.18603515625,14.651031494140625,False
570,8550.0,74.07147979736328,102.27230072021484,14.737289428710938,False
571,8565.0,74.13725280761719,102.3583984375,14.823394775390625,False
572,8580.0,74.2030258178711,102.4444808959961,14.909469604492188,False
573,8595.0,74.26874542236328,102.53047943115234,14.995468139648438,False
574,8610.0,74.33439636230469,102.61638641357422,15.081375122070312,False
575,8625.0,74.39999389648438,102.70220184326172,15.167190551757812,False
576,8640.0,74.46553039550781,102.78793334960938,15.2529296875,False
577,8655.0,74.53101348876953,102.87357330322266,15.338577270507812,False
578,8670.0,74.596435546875,102.9591293334961,15.424118041992188,False
579,8685.0,74.66181182861328,103.04460906982422,15.509597778320312,False
580,8700.0,74.72711944580078,103.12997436523438,15.594970703125,False
581,8715.0,74.79237365722656,103.21528625488281,15.680282592773438,False
582,8730.0,74.8575668334961,103.30049133300781,15.765487670898438,False
583,8745.0,74.92276763916016,103.38568878173828,15.850692749023438,False
584,8760.0,74.98784637451172,103.4707260131836,15.935714721679688,False
585,8775.0,75.05293273925781,103.55575561523438,16.020751953125,False
586,8790.0,75.1178970336914,103.64061737060547,16.105606079101562,False
587,8805.0,75.18286895751953,103.72547912597656,16.190475463867188,False
588,8820.0,75.24772644042969,103.81017303466797,16.275161743164062,False
589,8835.0,75.31258392333984,103.89485931396484,16.359848022460938,False
590,8850.0,75.37738037109375,103.97944641113281,16.444442749023438,False
591,8865.0,75.44207763671875,104.06390380859375,16.528900146484375,False
592,8880.0,75.50676727294922,104.14833068847656,16.613327026367188,False
593,8895.0,75.57139587402344,104.23267364501953,16.697677612304688,False
594,8910.0,75.63597869873047,104.31694030761719,16.781936645507812,False
595,8925.0,75.70050048828125,104.40111541748047,16.866104125976562,False
596,8940.0,75.76496887207031,104.48521423339844,16.950210571289062,False
597,8955.0,75.82938385009766,104.56922912597656,17.034225463867188,False
598,8970.0,75.89375305175781,104.65316772460938,17.1181640625,False
599,8985.0,75.9581069946289,104.73709106445312,17.20208740234375,False
600,9000.0,76.0223617553711,104.82085418701172,17.285842895507812,False
601,9015.0,76.08655548095703,104.90453338623047,17.369522094726562,False
602,9030.0,76.15074920654297,104.98820495605469,17.453201293945312,False
603,9045.0,76.21483612060547,105.07171630859375,17.536712646484375,False
604,9060.0,76.27892303466797,105.15522766113281,17.620223999023438,False
605,9075.0,76.34290313720703,105.23858642578125,17.703582763671875,False
606,9090.0,76.40689086914062,105.32192993164062,17.78692626953125,False
607,9105.0,76.47075653076172,105.40512084960938,17.8701171875,False
608,9120.0,76.53462982177734,105.4883041381836,17.953292846679688,False
609,9135.0,76.59844970703125,105.57140350341797,18.036392211914062,False
610,9150.0,76.66222381591797,105.6544418334961,18.119430541992188,False
611,9165.0,76.72593688964844,105.73737335205078,18.202377319335938,False
612,9180.0,76.78960418701172,105.82022857666016,18.285232543945312,False
613,9195.0,76.85321044921875,105.90301513671875,18.368011474609375,False
614,9210.0,76.91676330566406,105.9857177734375,18.450714111328125,False
615,9225.0,76.98026275634766,106.06832885742188,18.5333251953125,False
616,9240.0,77.04371643066406,106.15087890625,18.615875244140625,False
617,9255.0,77.10711669921875,106.23332977294922,18.698318481445312,False
618,9270.0,77.17047119140625,106.31571960449219,18.780715942382812,False
619,9285.0,77.23381042480469,106.39807891845703,18.863082885742188,False
620,9300.0,77.29705810546875,106.48031616210938,18.9453125,False
621,9315.0,77.3602523803711,106.56245422363281,19.027450561523438,False
622,9330.0,77.42344665527344,106.64459228515625,19.109588623046875,False
623,9345.0,77.48653411865234,106.7265853881836,19.191574096679688,False
624,9360.0,77.54962158203125,106.8085708618164,19.273574829101562,False
625,9375.0,77.61266326904297,106.89047241210938,19.35546875,False
626,9390.0,77.67559051513672,106.97222900390625,19.437225341796875,False
627,9405.0,77.73853302001953,107.05397033691406,19.518966674804688,False
628,9420.0,77.8014144897461,107.13563537597656,19.600631713867188,False
629,9435.0,77.86425018310547,107.21723937988281,19.682235717773438,False
630,9450.0,77.92704010009766,107.29875183105469,19.763748168945312,False
631,9465.0,77.98977661132812,107.38018798828125,19.845184326171875,False
632,9480.0,78.05245208740234,107.46155548095703,19.926559448242188,False
633,9495.0,78.1150894165039,107.54283905029297,20.007827758789062,False
634,9510.0,78.17767333984375,107.62403869628906,20.089035034179688,False
635,9525.0,78.24020385742188,107.70516967773438,20.170166015625,False
636,9540.0,78.30268859863281,107.78623962402344,20.251235961914062,False
637,9555.0,78.36517333984375,107.86727905273438,20.332275390625,False
638,9570.0,78.42755126953125,107.94818115234375,20.413177490234375,False
639,9585.0,78.48993682861328,108.02908325195312,20.49407958984375,False
640,9600.0,78.5522232055664,108.10984802246094,20.574844360351562,False
641,9615.0,78.61446380615234,108.19051361083984,20.655502319335938,False
642,9630.0,78.67669677734375,108.27119445800781,20.736190795898438,False
643,9645.0,78.73888397216797,108.3517837524414,20.816787719726562,False
644,9660.0,78.80097961425781,108.43224334716797,20.897232055664062,False
645,9675.0,78.8630599975586,108.5126953125,20.977691650390625,False
646,9690.0,78.92510223388672,108.59305572509766,21.058059692382812,False
647,9705.0,78.98709869384766,108.67337036132812,21.13836669921875,False
648,9720.0,79.04904174804688,108.75358581542969,21.218582153320312,False
649,9735.0,79.1109390258789,108.833740234375,21.298736572265625,False
650,9750.0,79.17279052734375,108.91382598876953,21.378829956054688,False
651,9765.0,79.23458862304688,108.99382019042969,21.458816528320312,False
652,9780.0,79.29633331298828,109.0737533569336,21.538742065429688,False
653,9795.0,79.35803985595703,109.15361022949219,21.618606567382812,False
654,9810.0,79.41969299316406,109.23339080810547,21.698379516601562,False
655,9825.0,79.48135375976562,109.31317901611328,21.778182983398438,False
656,9840.0,79.54291534423828,109.39281463623047,21.857803344726562,False
657,9855.0,79.60442352294922,109.47236633300781,21.937362670898438,False
658,9870.0,79.66593933105469,109.55194091796875,22.016937255859375,False
659,9885.0,79.72735595703125,109.63136291503906,22.096359252929688,False
660,9900.0,79.78877258300781,109.71076202392578,22.175765991210938,False
661,9915.0,79.85015106201172,109.79011535644531,22.255111694335938,False
662,9930.0,79.91143035888672,109.86933898925781,22.334335327148438,False
663,9945.0,79.97270202636719,109.94851684570312,22.41351318359375,False
664,9960.0,80.033935546875,110.02764892578125,22.492645263671875,False
665,9975.0,80.09512329101562,110.10671997070312,22.57171630859375,False
666,9990.0,80.15626525878906,110.18569946289062,22.65069580078125,False
667,10005.0,80.2173080444336,110.26454162597656,22.729537963867188,False
668,10020.0,80.27835083007812,110.34339141845703,22.808395385742188,False
669,10035.0,80.33940124511719,110.42223358154297,22.887222290039062,False
670,10050.0,80.40035247802734,110.50092315673828,22.965927124023438,False
671,10065.0,80.46126556396484,110.57957458496094,23.044570922851562,False
672,10080.0,80.52212524414062,110.65813446044922,23.123123168945312,False
673,10095.0,80.58293914794922,110.73661804199219,23.201614379882812,False
674,10110.0,80.64376068115234,110.81510925292969,23.280105590820312,False
675,10125.0,80.70448303222656,110.89346313476562,23.35845947265625,False
676,10140.0,80.76521301269531,110.97180938720703,23.436813354492188,False
677,10155.0,80.82584381103516,111.0500259399414,23.515029907226562,False
678,10170.0,80.886474609375,111.12822723388672,23.593215942382812,False
679,10185.0,80.947021484375,111.20630645751953,23.671310424804688,False
680,10200.0,81.007568359375,111.28437042236328,23.749374389648438,False
681,10215.0,81.06806945800781,111.36238098144531,23.827377319335938,False
682,10230.0,81.12847900390625,111.44023895263672,23.905227661132812,False
683,10245.0,81.18888854980469,111.51810455322266,23.983108520507812,False
684,10260.0,81.24925994873047,111.59590911865234,24.060897827148438,False
685,10275.0,81.30957794189453,111.67362213134766,24.138626098632812,False
686,10290.0,81.3698501586914,111.75128173828125,24.216278076171875,False
687,10305.0,81.43008422851562,111.82888793945312,24.29388427734375,False
688,10320.0,81.49027252197266,111.90640258789062,24.37139892578125,False
689,10335.0,81.5504150390625,111.98384094238281,24.448837280273438,False
690,10350.0,81.61056518554688,112.0613021850586,24.526290893554688,False
691,10365.0,81.67061614990234,112.13861083984375,24.603607177734375,False
692,10380.0,81.73063659667969,112.21586608886719,24.680862426757812,False
693,10395.0,81.7906494140625,112.29312133789062,24.75811767578125,False
694,10410.0,81.85057067871094,112.3702392578125,24.835235595703125,False
695,10425.0,81.91045379638672,112.4472885131836,24.912277221679688,False
696,10440.0,81.9703369140625,112.52433013916016,24.989334106445312,False
697,10455.0,82.03018188476562,112.60132598876953,25.066329956054688,False
698,10470.0,82.08992004394531,112.67815399169922,25.143142700195312,False
699,10485.0,82.1496810913086,112.7550048828125,25.220001220703125,False
700,10500.0,82.20938873291016,112.83179473876953,25.296798706054688,False
701,10515.0,82.26905822753906,112.90850830078125,25.373504638671875,False
702,10530.0,82.3286361694336,112.98509216308594,25.450088500976562,False
703,10545.0,82.38821411132812,113.06167602539062,25.52667236328125,False
704,10560.0,82.44774627685547,113.13819122314453,25.603195190429688,False
705,10575.0,82.50724029541016,113.21463012695312,25.67962646484375,False
706,10590.0,82.5667495727539,113.29110717773438,25.756103515625,False
707,10605.0,82.62615966796875,113.36741638183594,25.832412719726562,False
708,10620.0,82.6855239868164,113.44365692138672,25.908645629882812,False
709,10635.0,82.74484252929688,113.51983642578125,25.984832763671875,False
710,10650.0,82.80413055419922,113.59597778320312,26.06097412109375,False
711,10665.0,82.86341094970703,113.67208862304688,26.1370849609375,False
712,10680.0,82.92261505126953,113.74809265136719,26.213088989257812,False
713,10695.0,82.98181915283203,113.82408905029297,26.289077758789062,False
714,10710.0,83.04093170166016,113.89994049072266,26.364944458007812,False
715,10725.0,83.10004425048828,113.9758071899414,26.440811157226562,False
716,10740.0,83.15912628173828,114.05160522460938,26.5166015625,False
717,10755.0,83.2181167602539,114.12728881835938,26.59228515625,False
718,10770.0,83.27710723876953,114.20294952392578,26.667953491210938,False
719,10785.0,83.3360595703125,114.27857208251953,26.743576049804688,False
720,10800.0,83.39496612548828,114.3541030883789,26.819107055664062,False
721,10815.0,83.45384216308594,114.4295883178711,26.894577026367188,False
722,10830.0,83.51266479492188,114.5050048828125,26.970001220703125,False
723,10845.0,83.57145690917969,114.58036041259766,27.045364379882812,False
724,10860.0,83.63019561767578,114.6556396484375,27.120635986328125,False
725,10875.0,83.68889617919922,114.7308578491211,27.195846557617188,False
726,10890.0,83.74756622314453,114.8060302734375,27.271026611328125,False
727,10905.0,83.80619049072266,114.88113403320312,27.34613037109375,False
728,10920.0,83.86481475830078,114.95623016357422,27.421218872070312,False
729,10935.0,83.92335510253906,115.03121185302734,27.496200561523438,False
730,10950.0,83.98184967041016,115.10612487792969,27.571121215820312,False
731,10965.0,84.04035949707031,115.1810302734375,27.646026611328125,False
732,10980.0,84.09877014160156,115.25582122802734,27.720809936523438,False
733,10995.0,84.1572036743164,115.33060455322266,27.795608520507812,False
734,11010.0,84.21558380126953,115.40533447265625,27.870330810546875,False
735,11025.0,84.27388000488281,115.47994232177734,27.944931030273438,False
736,11040.0,84.33218383789062,115.55453491210938,28.01953125,False
737,11055.0,84.39044952392578,115.62907409667969,28.094070434570312,False
738,11070.0,84.44866943359375,115.70356750488281,28.168563842773438,False
739,11085.0,84.5068588256836,115.77796936035156,28.242965698242188,False
740,11100.0,84.56500244140625,115.8523178100586,28.317306518554688,False
741,11115.0,84.62310028076172,115.9266128540039,28.391616821289062,False
742,11130.0,84.68116760253906,116.0008544921875,28.465850830078125,False
743,11145.0,84.73918914794922,116.07502746582031,28.540023803710938,False
744,11160.0,84.79717254638672,116.14912414550781,28.614120483398438,False
745,11175.0,84.85511779785156,116.22319030761719,28.688186645507812,False
746,11190.0,84.91302490234375,116.29717254638672,28.762161254882812,False
747,11205.0,84.97093963623047,116.37116241455078,28.836166381835938,False
748,11220.0,85.02876281738281,116.44503784179688,28.9100341796875,False
749,11235.0,85.08660125732422,116.51890563964844,28.983901977539062,False
750,11250.0,85.14434051513672,116.59264373779297,29.057632446289062,False
751,11265.0,85.20210266113281,116.6664047241211,29.131393432617188,False
752,11280.0,85.25977325439453,116.74003601074219,29.205032348632812,False
753,11295.0,85.31744384765625,116.81364440917969,29.278640747070312,False
754,11310.0,85.37508392333984,116.88722229003906,29.352218627929688,False
755,11325.0,85.43268585205078,116.96073913574219,29.425735473632812,False
756,11340.0,85.49020385742188,117.03411865234375,29.499114990234375,False
757,11355.0,85.5477294921875,117.10750579833984,29.572494506835938,False
758,11370.0,85.60520935058594,117.18083953857422,29.645828247070312,False
759,11385.0,85.66265869140625,117.25411224365234,29.719100952148438,False
760,11400.0,85.72006225585938,117.32732391357422,29.792312622070312,False
761,11415.0,85.77742767333984,117.40047454833984,29.865463256835938,False
762,11430.0,85.8348159790039,117.47364044189453,29.938644409179688,False
763,11445.0,85.89210510253906,117.54666137695312,30.01165771484375,False
764,11460.0,85.94934844970703,117.61963653564453,30.084640502929688,False
765,11475.0,86.0065689086914,117.69255828857422,30.157546997070312,False
766,11490.0,86.06379699707031,117.7654800415039,30.230484008789062,False
767,11505.0,86.12094116210938,117.83828735351562,30.30328369140625,False
768,11520.0,86.17808532714844,117.91109466552734,30.376083374023438,False
769,11535.0,86.23514556884766,117.9837646484375,30.448760986328125,False
770,11550.0,86.29222869873047,118.05646514892578,30.521469116210938,False
771,11565.0,86.34925842285156,118.12909698486328,30.594100952148438,False
772,11580.0,86.40621185302734,118.20159912109375,30.666595458984375,False
773,11595.0,86.46317291259766,118.27410888671875,30.739105224609375,False
774,11610.0,86.52009582519531,118.3465805053711,30.811569213867188,False
775,11625.0,86.57697296142578,118.41897583007812,30.88397216796875,False
776,11640.0,86.63382720947266,118.4913101196289,30.956314086914062,False
777,11655.0,86.69064331054688,118.5635986328125,31.028594970703125,False
778,11670.0,86.7474136352539,118.63581848144531,31.100814819335938,False
779,11685.0,86.80414581298828,118.70799255371094,31.172988891601562,False
780,11700.0,86.86085510253906,118.78010559082031,31.245101928710938,False
781,11715.0,86.91751861572266,118.85215759277344,31.317153930664062,False
782,11730.0,86.97418975830078,118.92422485351562,31.38922119140625,False
783,11745.0,87.03077697753906,118.99616241455078,31.461166381835938,False
784,11760.0,87.08732604980469,119.06803894042969,31.533035278320312,False
785,11775.0,87.14389038085938,119.13993072509766,31.604934692382812,False
786,11790.0,87.20037078857422,119.2116928100586,31.676681518554688,False
787,11805.0,87.2568588256836,119.28348541259766,31.748489379882812,False
788,11820.0,87.31326293945312,119.35514068603516,31.820144653320312,False
789,11835.0,87.36968231201172,119.42679595947266,31.891799926757812,False
790,11850.0,87.42606353759766,119.4984130859375,31.963409423828125,False
791,11865.0,87.48240661621094,119.56996154785156,32.03495788574219,False
792,11880.0,87.53866577148438,119.64138793945312,32.10638427734375,False
793,11895.0,87.59494018554688,119.71284484863281,32.17784118652344,False
794,11910.0,87.65116882324219,119.78421783447266,32.24922180175781,False
795,11925.0,87.70736694335938,119.85554504394531,32.32054138183594,False
796,11940.0,87.76353454589844,119.92682647705078,32.39183044433594,False
797,11955.0,87.81966400146484,119.998046875,32.463043212890625,False
798,11970.0,87.87574768066406,120.06919860839844,32.53419494628906,False
799,11985.0,87.93185424804688,120.14037322998047,32.60536193847656,False
800,12000.0,87.98787689208984,120.21143341064453,32.67643737792969,False
801,12015.0,88.04386138916016,120.28241729736328,32.74742126464844,False
802,12030.0,88.099853515625,120.3534164428711,32.81840515136719,False
803,12045.0,88.15576934814453,120.42431640625,32.889312744140625,False
804,12060.0,88.21163940429688,120.4951400756836,32.96012878417969,False
805,12075.0,88.26753234863281,120.56597137451172,33.03096008300781,False
806,12090.0,88.32337951660156,120.63676452636719,33.10176086425781,False
807,12105.0,88.37915802001953,120.70742797851562,33.17242431640625,False
808,12120.0,88.4349365234375,120.7780990600586,33.24308776855469,False
809,12135.0,88.49068450927734,120.8487319946289,33.31373596191406,False
810,12150.0,88.54640197753906,120.9192886352539,33.38429260253906,False
811,12165.0,88.6020278930664,120.98974609375,33.454742431640625,False
812,12180.0,88.65766906738281,121.06021118164062,33.52520751953125,False
813,12195.0,88.7132797241211,121.130615234375,33.595611572265625,False
814,12210.0,88.76885223388672,121.2009506225586,33.66593933105469,False
815,12225.0,88.82439422607422,121.27124786376953,33.73625183105469,False
816,12240.0,88.87993621826172,121.34156036376953,33.80656433105469,False
817,12255.0,88.93540954589844,121.4117431640625,33.876739501953125,False
818,12270.0,88.9908447265625,121.48188018798828,33.94688415527344,False
819,12285.0,89.0462417602539,121.55196380615234,34.01695251464844,False
820,12300.0,89.10165405273438,121.62206268310547,34.08705139160156,False
821,12315.0,89.156982421875,121.69202423095703,34.15702819824219,False
822,12330.0,89.21232604980469,121.76202392578125,34.227020263671875,False
823,12345.0,89.26758575439453,121.8318862915039,34.29689025878906,False
824,12360.0,89.32286071777344,121.90174865722656,34.36674499511719,False
825,12375.0,89.3780517578125,121.97151947021484,34.43650817871094,False
826,12390.0,89.43326568603516,122.04129791259766,34.50630187988281,False
827,12405.0,89.4884262084961,122.11100006103516,34.57600402832031,False
828,12420.0,89.54352569580078,122.18062591552734,34.64561462402344,False
829,12435.0,89.59862518310547,122.25022888183594,34.71522521972656,False
830,12450.0,89.65369415283203,122.31979370117188,34.7847900390625,False
831,12465.0,89.70873260498047,122.38929748535156,34.85429382324219,False
832,12480.0,89.76373291015625,122.45875549316406,34.92375183105469,False
833,12495.0,89.8187026977539,122.52816772460938,34.9931640625,False
834,12510.0,89.87364196777344,122.59751892089844,35.06251525878906,False
835,12525.0,89.9285888671875,122.66688537597656,35.13188171386719,False
836,12540.0,89.98345184326172,122.73612976074219,35.20112609863281,False
837,12555.0,90.03829193115234,122.8053207397461,35.27030944824219,False
838,12570.0,90.09308624267578,122.87447357177734,35.33946228027344,False
839,12585.0,90.14789581298828,122.9436264038086,35.40861511230469,False
840,12600.0,90.20262908935547,123.01264953613281,35.47764587402344,False
841,12615.0,90.25738525390625,123.08172607421875,35.546722412109375,False
842,12630.0,90.31204986572266,123.15064239501953,35.61564636230469,False
843,12645.0,90.36673736572266,123.2196044921875,35.684600830078125,False
844,12660.0,90.42137145996094,123.28849792480469,35.75349426269531,False
845,12675.0,90.47594451904297,123.35728454589844,35.82228088378906,False
846,12690.0,90.53053283691406,123.42607879638672,35.89106750488281,False
847,12705.0,90.58507537841797,123.49481964111328,35.95982360839844,False
848,12720.0,90.63959503173828,123.56352233886719,36.02851867675781,False
849,12735.0,90.69407653808594,123.63214874267578,36.09715270996094,False
850,12750.0,90.74851989746094,123.70073699951172,36.16572570800781,False
851,12765.0,90.80294799804688,123.76929473876953,36.23429870605469,False
852,12780.0,90.85733032226562,123.83777618408203,36.30278015136719,False
853,12795.0,90.91168212890625,123.90620422363281,36.37120056152344,False
854,12810.0,90.96604919433594,123.97466278076172,36.43965148925781,False
855,12825.0,91.02032470703125,124.04299926757812,36.50799560546875,False
856,12840.0,91.0745849609375,124.11127471923828,36.57627868652344,False
857,12855.0,91.12885284423828,124.1795883178711,36.64457702636719,False
858,12870.0,91.18304443359375,124.2477798461914,36.71278381347656,False
859,12885.0,91.2372055053711,124.31590270996094,36.78089904785156,False
860,12900.0,91.29137420654297,124.3840560913086,36.84904479980469,False
861,12915.0,91.34551239013672,124.45215606689453,36.91716003417969,False
862,12930.0,91.39956665039062,124.5201416015625,36.985137939453125,False
863,12945.0,91.45365142822266,124.58812713623047,37.05311584472656,False
864,12960.0,91.50769805908203,124.65609741210938,37.12109375,False
865,12975.0,91.56170654296875,124.72398376464844,37.18898010253906,False
866,12990.0,91.61567687988281,124.79182434082031,37.25682067871094,False
867,13005.0,91.66958618164062,124.85958099365234,37.32456970214844,False
868,13020.0,91.72350311279297,124.92733001708984,37.39231872558594,False
869,13035.0,91.77742767333984,124.99508666992188,37.4600830078125,False
870,13050.0,91.83128356933594,125.062744140625,37.527740478515625,False
871,13065.0,91.88510131835938,125.1303482055664,37.59535217285156,False
872,13080.0,91.93888854980469,125.19789123535156,37.66288757324219,False
873,13095.0,91.99264526367188,125.2654037475586,37.73039245605469,False
874,13110.0,92.04642486572266,125.33292388916016,37.79792785644531,False
875,13125.0,92.1001205444336,125.40032958984375,37.865325927734375,False
876,13140.0,92.15377807617188,125.46768188476562,37.93267822265625,False
877,13155.0,92.20745086669922,125.5350570678711,38.00004577636719,False
878,13170.0,92.26105499267578,125.6023178100586,38.06730651855469,False
879,13185.0,92.3146743774414,125.66958618164062,38.13458251953125,False
880,13200.0,92.36824798583984,125.73680877685547,38.20179748535156,False
881,13215.0,92.42176055908203,125.80391693115234,38.26890563964844,False
882,13230.0,92.47528076171875,125.87105560302734,38.33604431152344,False
883,13245.0,92.52877044677734,125.93814086914062,38.40313720703125,False
884,13260.0,92.58223724365234,126.00517272949219,38.47016906738281,False
885,13275.0,92.63566589355469,126.07215881347656,38.53715515136719,False
886,13290.0,92.6890640258789,126.13909912109375,38.604095458984375,False
887,13305.0,92.742431640625,126.20597839355469,38.67097473144531,False
888,13320.0,92.79576873779297,126.27281951904297,38.73780822753906,False
889,13335.0,92.84906768798828,126.33960723876953,38.80461120605469,False
890,13350.0,92.90234375,126.40635681152344,38.87135314941406,False
891,13365.0,92.95563507080078,126.47309875488281,38.93809509277344,False
892,13380.0,93.00884246826172,126.53974914550781,39.00474548339844,False
893,13395.0,93.0620346069336,126.60636138916016,39.07136535644531,False
894,13410.0,93.11522674560547,126.67296600341797,39.13795471191406,False
895,13425.0,93.16835021972656,126.7394790649414,39.20448303222656,False
896,13440.0,93.22148132324219,126.80599212646484,39.27098083496094,False
897,13455.0,93.27454376220703,126.87239837646484,39.33738708496094,False
898,13470.0,93.32762145996094,126.93882751464844,39.40382385253906,False
899,13485.0,93.38066864013672,127.00521087646484,39.47019958496094,False
900,13500.0,93.43363952636719,127.07148742675781,39.53648376464844,False
901,13515.0,93.48663330078125,127.13776397705078,39.60276794433594,False
902,13530.0,93.53958892822266,127.20401763916016,39.66902160644531,False
903,13545.0,93.5925064086914,127.27019500732422,39.73518371582031,False
904,13560.0,93.6454086303711,127.33634185791016,39.80134582519531,False
905,13575.0,93.69827270507812,127.4024429321289,39.86744689941406,False
906,13590.0,93.75110626220703,127.46849822998047,39.93348693847656,False
907,13605.0,93.80391693115234,127.53448486328125,39.999481201171875,False
908,13620.0,93.85669708251953,127.60044860839844,40.06544494628906,False
909,13635.0,93.90948486328125,127.66641998291016,40.13142395019531,False
910,13650.0,93.96220397949219,127.73228454589844,40.19728088378906,False
911,13665.0,94.014892578125,127.79810333251953,40.26310729980469,False
912,13680.0,94.06759643554688,127.86394500732422,40.32893371582031,False
913,13695.0,94.1202163696289,127.9296646118164,40.39466857910156,False
914,13710.0,94.17285919189453,127.99539947509766,40.46040344238281,False
915,13725.0,94.22543334960938,128.06103515625,40.526031494140625,False
916,13740.0,94.27801513671875,128.12667846679688,40.5916748046875,False
917,13755.0,94.33057403564453,128.19229125976562,40.65728759765625,False
918,13770.0,94.383056640625,128.25779724121094,40.72279357910156,False
919,13785.0,94.43555450439453,128.32330322265625,40.788299560546875,False
920,13800.0,94.4880142211914,128.38876342773438,40.853759765625,False
921,13815.0,94.54045104980469,128.4541778564453,40.91917419433594,False
922,13830.0,94.59286499023438,128.51956176757812,40.98455810546875,False
923,13845.0,94.64524841308594,128.5848846435547,41.04988098144531,False
924,13860.0,94.69759368896484,128.65016174316406,41.11515808105469,False
925,13875.0,94.74992370605469,128.71542358398438,41.180419921875,False
926,13890.0,94.80220794677734,128.7805938720703,41.24559020996094,False
927,13905.0,94.85447692871094,128.8457489013672,41.31074523925781,False
928,13920.0,94.9067611694336,128.9109344482422,41.37593078613281,False
929,13935.0,94.9589614868164,128.97596740722656,41.44096374511719,False
930,13950.0,95.01113891601562,129.0409698486328,41.50596618652344,False
931,13965.0,95.06333923339844,129.10601806640625,41.571014404296875,False
932,13980.0,95.1154556274414,129.1709442138672,41.63594055175781,False
933,13995.0,95.16759490966797,129.23587036132812,41.70086669921875,False
934,14010.0,95.21969604492188,129.30076599121094,41.76576232910156,False
935,14025.0,95.27173614501953,129.3655548095703,41.83055114746094,False
936,14040.0,95.32378387451172,129.43035888671875,41.895355224609375,False
937,14055.0,95.37580108642578,129.4951171875,41.960113525390625,False
938,14070.0,95.42779541015625,129.55984497070312,42.02484130859375,False
939,14085.0,95.47976684570312,129.62451171875,42.089508056640625,False
940,14100.0,95.53170013427734,129.6891326904297,42.15412902832031,False
941,14115.0,95.58361053466797,129.75372314453125,42.218719482421875,False
942,14130.0,95.63549041748047,129.81825256347656,42.28324890136719,False
943,14145.0,95.68734741210938,129.88275146484375,42.347747802734375,False
944,14160.0,95.73916625976562,129.94720458984375,42.412200927734375,False
945,14175.0,95.79096221923828,130.0115966796875,42.476593017578125,False
946,14190.0,95.84272766113281,130.07595825195312,42.54095458984375,False
947,14205.0,95.89451599121094,130.14035034179688,42.6053466796875,False
948,14220.0,95.94622802734375,130.20462036132812,42.66961669921875,False
949,14235.0,95.99795532226562,130.2689208984375,42.733917236328125,False
950,14250.0,96.04960632324219,130.33311462402344,42.79811096191406,False
951,14265.0,96.10128021240234,130.39730834960938,42.8623046875,False
952,14280.0,96.15288543701172,130.46141052246094,42.92640686035156,False
953,14295.0,96.20449829101562,130.5255126953125,42.990509033203125,False
954,14310.0,96.25608825683594,130.589599609375,43.054595947265625,False
955,14325.0,96.30760192871094,130.653564453125,43.118560791015625,False
956,14340.0,96.359130859375,130.71754455566406,43.18254089355469,False
957,14355.0,96.41063690185547,130.781494140625,43.246490478515625,False
958,14370.0,96.46212005615234,130.8453826904297,43.31037902832031,False
959,14385.0,96.5135726928711,130.90924072265625,43.374237060546875,False
960,14400.0,96.56499481201172,130.9730682373047,43.43806457519531,False
961,14415.0,96.61639404296875,131.03683471679688,43.5018310546875,False
962,14430.0,96.66775512695312,131.10055541992188,43.5655517578125,False
963,14445.0,96.7191390991211,131.164306640625,43.629302978515625,False
964,14460.0,96.77045440673828,131.22793579101562,43.69293212890625,False
965,14475.0,96.82173919677734,131.2915496826172,43.75654602050781,False
966,14490.0,96.873046875,131.35516357421875,-43.71484375,False
967,14505.0,96.92427062988281,131.41867065429688,-43.651336669921875,False
968,14520.0,96.9754867553711,131.48214721679688,-43.587860107421875,False
969,14535.0,97.02670288085938,131.54563903808594,-43.52436828613281,False
970,14550.0,97.07789611816406,131.6090850830078,-43.46092224121094,False
971,14565.0,97.12902069091797,131.67242431640625,-43.3975830078125,False
972,14580.0,97.1801528930664,131.73577880859375,-43.334228515625,False
973,14595.0,97.23126983642578,131.79910278320312,-43.270904541015625,False
974,14610.0,97.28235626220703,131.86236572265625,-43.2076416015625,False
975,14625.0,97.3333740234375,131.925537109375,-43.14447021484375,False
976,14640.0,97.38440704345703,131.98875427246094,-43.08125305175781,False
977,14655.0,97.43541717529297,132.05189514160156,-43.01811218261719,False
978,14670.0,97.48638916015625,132.11500549316406,-42.95500183105469,False
979,14685.0,97.53734588623047,132.17807006835938,-42.891937255859375,False
980,14700.0,97.58831024169922,132.24114990234375,-42.828857421875,False
981,14715.0,97.63921356201172,132.3041229248047,-42.76588439941406,False
982,14730.0,97.6900863647461,132.3670654296875,-42.70294189453125,False
983,14745.0,97.74092864990234,132.4299774169922,-42.64002990722656,False
984,14760.0,97.79178619384766,132.4928741455078,-42.57713317871094,False
985,14775.0,97.84258270263672,132.55569458007812,-42.514312744140625,False
986,14790.0,97.89338684082031,132.6185302734375,-42.45147705078125,False
987,14805.0,97.94412994384766,132.68125915527344,-42.38874816894531,False
988,14820.0,97.99488830566406,132.7440185546875,-42.32598876953125,False
989,14835.0,98.04557800292969,132.80667114257812,-42.263336181640625,False
990,14850.0,98.09628295898438,132.86932373046875,-42.20068359375,False
991,14865.0,98.14695739746094,132.9319610595703,-42.13804626464844,False
992,14880.0,98.1976089477539,132.9945526123047,-42.07545471191406,False
993,14895.0,98.24823760986328,133.05706787109375,-42.012939453125,False
994,14910.0,98.29878997802734,133.11952209472656,-41.95048522949219,False
995,14925.0,98.349365234375,133.1820068359375,-41.88800048828125,False
996,14940.0,98.39991760253906,133.24441528320312,-41.825592041015625,False
997,14955.0,98.45047760009766,133.3068389892578,-41.76316833496094,False
998,14970.0,98.50096893310547,133.36917114257812,-41.700836181640625,False
999,14985.0,98.55143737792969,133.43148803710938,-41.638519287109375,False
1000,15000.0,98.60188293457031,133.4937286376953,-41.57627868652344,False
1001,15015.0,98.65229797363281,133.55593872070312,-41.514068603515625,False
1002,15030.0,98.7027359008789,133.61819458007812,-41.451812744140625,False
1003,15045.0,98.75310516357422,133.68032836914062,-41.389678955078125,False
1004,15060.0,98.80348205566406,133.7424774169922,-41.32752990722656,False
1005,15075.0,98.85379791259766,133.80453491210938,-41.265472412109375,False
1006,15090.0,98.90412139892578,133.86659240722656,-41.20341491699219,False
1007,15105.0,98.95439147949219,133.92857360839844,-41.14143371582031,False
1008,15120.0,99.00466918945312,133.99057006835938,-41.079437255859375,False
1009,15135.0,99.05492401123047,134.05250549316406,-41.01750183105469,False
1010,15150.0,99.10514831542969,134.11441040039062,-40.955596923828125,False
1011,15165.0,99.15531158447266,134.17625427246094,-40.89375305175781,False
1012,15180.0,99.20549011230469,134.23806762695312,-40.831939697265625,False
1013,15195.0,99.2556381225586,134.2998504638672,-40.77015686035156,False
1014,15210.0,99.30577087402344,134.36160278320312,-40.708404541015625,False
1015,15225.0,99.35587310791016,134.42332458496094,-40.64668273925781,False
1016,15240.0,99.40594482421875,134.4849853515625,-40.58502197265625,False
1017,15255.0,99.45603942871094,134.5466766357422,-40.52333068847656,False
1018,15270.0,99.50607299804688,134.60829162597656,-40.46171569824219,False
1019,15285.0,99.55606842041016,134.66983032226562,-40.400177001953125,False
1020,15300.0,99.60608673095703,134.73138427734375,-40.338623046875,False
1021,15315.0,99.65603637695312,134.79287719726562,-40.277130126953125,False
1022,15330.0,99.70596313476562,134.8542938232422,-40.21571350097656,False
1023,15345.0,99.75590515136719,134.91575622558594,-40.15425109863281,False
1024,15360.0,99.80577850341797,134.97711181640625,-40.0928955078125,False
1025,15375.0,99.85567474365234,135.03848266601562,-40.031524658203125,False
1026,15390.0,99.9055404663086,135.0998077392578,-39.97019958496094,False
1027,15405.0,99.95538330078125,135.16110229492188,-39.908905029296875,False
1028,15420.0,100.00515747070312,135.22230529785156,-39.84770202636719,False
1029,15435.0,100.05494689941406,135.28350830078125,-39.7864990234375,False
1030,15450.0,100.10472106933594,135.3446807861328,-39.72532653808594,False
1031,15465.0,100.15446472167969,135.4058380126953,-39.66416931152344,False
1032,15480.0,100.20417785644531,135.4669189453125,-39.60308837890625,False
1033,15495.0,100.25386810302734,135.52798461914062,-39.542022705078125,False
1034,15510.0,100.30353546142578,135.58900451660156,-39.48100280761719,False
1035,15525.0,100.35318756103516,135.64999389648438,-39.420013427734375,False
1036,15540.0,100.40284729003906,135.7109832763672,-39.35902404785156,False
1037,15555.0,100.45243835449219,135.77188110351562,-39.298126220703125,False
1038,15570.0,100.50200653076172,135.83274841308594,-39.23725891113281,False
1039,15585.0,100.55158996582031,135.8936309814453,-39.17637634277344,False
1040,15600.0,100.60111999511719,135.9544219970703,-39.11558532714844,False
1041,15615.0,100.65061950683594,136.01516723632812,-39.054840087890625,False
1042,15630.0,100.70013427734375,136.075927734375,-38.99407958984375,False
1043,15645.0,100.74961853027344,136.13665771484375,-38.933349609375,False
1044,15660.0,100.7990493774414,136.1973114013672,-38.87269592285156,False
1045,15675.0,100.8484878540039,136.25794982910156,-38.81205749511719,False
1046,15690.0,100.89790344238281,136.3185577392578,-38.75144958496094,False
1047,15705.0,100.94729614257812,136.379150390625,-38.69085693359375,False
1048,15720.0,100.99666595458984,136.43968200683594,-38.63032531738281,False
1049,15735.0,101.04596710205078,136.5001220703125,-38.56988525390625,False
1050,15750.0,101.09529113769531,136.5605926513672,-38.50941467285156,False
1051,15765.0,101.14458465576172,136.6210174560547,-38.44898986816406,False
1052,15780.0,101.19390106201172,136.6814422607422,-38.38856506347656,False
1053,15795.0,101.24314880371094,136.74180603027344,-38.32820129394531,False
1054,15810.0,101.29236602783203,136.80209350585938,-38.267913818359375,False
1055,15825.0,101.34156799316406,136.8623809814453,-38.20762634277344,False
1056,15840.0,101.39079284667969,136.9226837158203,-38.14732360839844,False
1057,15855.0,101.43993377685547,136.9828643798828,-38.08714294433594,False
1058,15870.0,101.48906707763672,137.04302978515625,-38.0269775390625,False
1059,15885.0,101.5382080078125,137.1031951904297,-37.96681213378906,False
1060,15900.0,101.58729553222656,137.16329956054688,-37.906707763671875,False
1061,15915.0,101.63639068603516,137.22337341308594,-37.84663391113281,False
1062,15930.0,101.68547058105469,137.283447265625,-37.78656005859375,False
1063,15945.0,101.7344741821289,137.34341430664062,-37.726593017578125,False
1064,15960.0,101.78350830078125,137.40341186523438,-37.666595458984375,False
1065,15975.0,101.83250427246094,137.46334838867188,-37.606658935546875,False
1066,15990.0,101.88148498535156,137.52328491210938,-37.546722412109375,False
1067,16005.0,101.9304428100586,137.58316040039062,-37.486846923828125,False
1068,16020.0,101.97937774658203,137.6429901123047,-37.42701721191406,False
1069,16035.0,102.02828979492188,137.7028045654297,-37.36720275878906,False
1070,16050.0,102.0771713256836,137.7625732421875,-37.30743408203125,False
1071,16065.0,102.12602996826172,137.82229614257812,-37.247711181640625,False
1072,16080.0,102.17487335205078,137.88197326660156,-37.18803405761719,False
1073,16095.0,102.22368621826172,137.94163513183594,-37.12837219238281,False
1074,16110.0,102.27252197265625,138.00131225585938,-37.068695068359375,False
1075,16125.0,102.3212890625,138.06088256835938,-37.009124755859375,False
1076,16140.0,102.37007904052734,138.12049865722656,-36.94950866699219,False
1077,16155.0,102.4188003540039,138.17999267578125,-36.8900146484375,False
1078,16170.0,102.46753692626953,138.23951721191406,-36.83049011230469,False
1079,16185.0,102.5162124633789,138.29896545410156,-36.77104187011719,False
1080,16200.0,102.56490325927734,138.35841369628906,-36.71159362792969,False
1081,16215.0,102.61354064941406,138.41778564453125,-36.6522216796875,False
1082,16230.0,102.66218566894531,138.4771728515625,-36.59283447265625,False
1083,16245.0,102.71080780029297,138.5364990234375,-36.53350830078125,False
1084,16260.0,102.75940704345703,138.59579467773438,-36.474212646484375,False
1085,16275.0,102.8079833984375,138.6550750732422,-36.41493225097656,False
1086,16290.0,102.85653686523438,138.7143096923828,-36.35569763183594,False
1087,16305.0,102.90507507324219,138.77349853515625,-36.2965087890625,False
1088,16320.0,102.95358276367188,138.83267211914062,-36.237335205078125,False
1089,16335.0,103.00206756591797,138.8917999267578,-36.17820739746094,False
1090,16350.0,103.05052947998047,138.95086669921875,-36.119140625,False
1091,16365.0,103.0989761352539,139.0099334716797,-36.06007385253906,False
1092,16380.0,103.14743041992188,139.06900024414062,-36.001007080078125,False
1093,16395.0,103.19583129882812,139.12799072265625,-35.9420166015625,False
